"","SHEET","CHAIN","CO_OWNED","STATE","SOUTHJ","CENTRALJ","NORTHJ","PA1","PA2","SHORE","NCALLS","EMPFT","EMPPT","NMGRS","WAGE_ST","INCTIME","FIRSTINC","BONUS","PCTAFF","MEALS","OPEN","HRSOPEN","PSODA","PFRY","PENTREE","NREGS","NREGS11","TYPE2","STATUS2","DATE2","NCALLS2","EMPFT2","EMPPT2","NMGRS2","WAGE_ST2","INCTIME2","FIRSTIN2","SPECIAL2","MEALS2","OPEN2R","HRSOPEN2","PSODA2","PFRY2","PENTREE2","NREGS2","NREGS112"
"1",46,1,0,0,0,0,0,1,0,0,0,"30.00","15.00","3.00",".","19.0",".",1,".",2,6.5,16.5,"1.03","1.03","0.52","3","3",1,1,111792,"1","3.50","35.00","3.00","4.30","26.0","0.08","1","2","6.50","16.50","1.03",".","0.94","4","4"
"2",49,2,0,0,0,0,0,1,0,0,0,"6.50","6.50","4.00",".","26.0",".",0,".",2,10,13,"1.01","0.90","2.35","4","3",1,1,111292,".","0.00","15.00","4.00","4.45","13.0","0.05","0","2","10.00","13.00","1.01","0.89","2.35","4","4"
"3",506,2,1,0,0,0,0,1,0,0,0,"3.00","7.00","2.00",".","13.0","0.37",0,"30.0",2,11,10,"0.95","0.74","2.33","3","3",1,1,111292,".","3.00","7.00","4.00","5.00","19.0","0.25",".","1","11.00","11.00","0.95","0.74","2.33","4","3"
"4",56,4,1,0,0,0,0,1,0,0,0,"20.00","20.00","4.00","5.00","26.0","0.10",1,"0.0",2,10,12,"0.87","0.82","1.79","2","2",1,1,111492,".","0.00","36.00","2.00","5.25","26.0","0.15","0","2","10.00","12.00","0.92","0.79","0.87","2","2"
"5",61,4,1,0,0,0,0,1,0,0,0,"6.00","26.00","5.00","5.50","52.0","0.15",1,"0.0",3,10,12,"0.87","0.77","1.65","2","2",1,1,111492,".","28.00","3.00","6.00","4.75","13.0","0.15","0","2","10.00","12.00","1.01","0.84","0.95","2","2"
"6",62,4,1,0,0,0,0,1,0,0,2,"0.00","31.00","5.00","5.00","26.0","0.07",0,"45.0",2,10,12,"0.87","0.77","0.95","2","2",1,1,111492,".",".",".",".",".","26.0",".","0","2","10.00","12.00",".","0.84","1.79","3","3"
"7",445,1,0,0,0,0,0,0,1,0,0,"50.00","35.00","3.00","5.00","26.0","0.10",0,"0.0",2,6,18,"1.04","0.88","0.94","3","3",1,1,110792,".","15.00","18.00","5.00","4.75","26.0","0.15","0","2","6.00","18.00","1.04","0.86","0.94","3","3"
"8",451,1,0,0,0,0,0,0,1,0,0,"10.00","17.00","5.00","5.00","52.0","0.25",0,"0.0",2,0,24,"1.05","0.84","0.96","6","4",1,1,111792,"2","26.00","9.00","6.00","5.00","26.0","0.20","0","2","0.00","24.00","1.11","0.84","0.94","6","3"
"9",455,2,1,0,0,0,0,0,1,0,0,"2.00","8.00","5.00","5.25","13.0","0.25",0,"0.0",1,11,10,"0.73","0.73","2.32","2","2",1,1,111292,".","3.00","12.00","2.00","5.00","13.0","0.25","0","2","11.00","11.00","0.94","0.84","2.32","4","3"
"10",458,2,1,0,0,0,0,1,0,0,2,"2.00","10.00","2.00","5.00","19.0","0.15",0,"0.0",1,11,10,"0.94","0.73","2.32","4","4",1,1,111792,"1","2.00","9.00","2.00","5.00","13.0","0.25","0","1","11.00","10.50","0.90","0.73","2.32","4","3"
"11",462,3,1,0,0,0,0,0,1,0,0,"2.50","20.00","3.00","5.00","13.0","0.37",1,"5.0",2,9,12.5,"1.05","1.01","1.11","4","4",2,1,122292,"1","1.00","25.00","4.00","4.75","13.0","0.20","0","2","9.00","12.00","1.01","1.01","0.89","6","3"
"12",468,1,0,0,0,0,0,0,1,0,0,"40.00","30.00","3.00","5.00","13.0","0.17",0,"0.0",2,6,18,"0.95","0.94","0.95","4","3",1,1,110792,".","9.00","32.00","4.00","5.00","26.0","0.13","1","2","6.00","18.00","0.97","0.84","0.86","4","3"
"13",469,1,0,0,0,0,0,0,1,0,0,"8.00","27.00","5.00","5.00","39.0","0.25",0,"80.0",2,6,18,"0.92","0.72","0.96","3","2",1,1,111692,"1","7.00","39.00","4.00","4.50","41.0","0.23","0","2","6.00","18.00","0.92","0.81","0.87","3","3"
"14",470,1,0,0,0,0,0,0,1,0,0,"10.50","30.00","3.00","5.50",".","0.30",0,"0.0",2,6,18,"0.97","0.84","0.94","3","3",1,1,111792,"2","18.00","10.00","3.00","4.75","13.0","0.15","1","2","6.00","18.00","1.03","0.84","0.94","3","2"
"15",474,1,0,0,0,0,0,0,1,0,2,"6.00","9.00","3.00","5.00","26.0","0.37",0,"0.0",2,9,12.5,"1.13","0.98","1.01","3","1",2,1,122292,"1","5.00","20.00","3.00","4.50",".","0.00","0","2","8.50","13.00","1.09","0.94","0.94","3","2"
"16",481,2,1,0,0,0,0,0,1,0,2,"5.00","17.50","3.00","5.25","26.0","0.25",1,"0.0",3,11,10,"0.95","0.74","2.53","5","4",1,1,111792,"2","15.00","4.00","3.00","5.00","26.0","0.25","1","2","11.00","11.00","0.74","0.73","2.53","3","3"
"17",483,2,1,0,0,0,0,0,1,0,0,"1.00","15.00","1.00","5.00","13.0","0.07",1,"0.0",2,11,10,"0.94","0.73","2.32","4","3",1,1,111292,".","4.00","13.00","3.00","4.75","13.0","0.18","0","1","11.00","11.00","0.95","0.74","2.33","4","3"
"18",487,3,1,0,0,0,0,0,1,0,0,"10.00","6.00","2.00","5.00","13.0","0.17",1,"0.0",2,10,11.5,"1.11","0.91","0.95","6","3",1,1,111192,".","6.00","20.00","3.00","4.75","26.0","0.10","0","2","10.50","11.00","1.05","1.01","0.94","6","1"
"19",488,3,0,0,0,0,0,0,1,0,1,"20.00","13.00","3.00","5.00","13.0","0.25",1,"0.0",2,6,16,"1.05","0.79","1.01","5","5",1,1,111192,".","5.00","15.00","3.00","4.75","26.0","0.13","0","2","7.00","15.00","1.01","1.01","0.94","5","3"
"20",489,3,0,0,0,0,0,0,1,0,2,"5.00","23.00","2.00","5.00","13.0","0.37",1,"6.0",2,7,14,"1.05","1.01","0.94","4","4",1,1,111892,"2","2.00","19.00","3.00","4.25","26.0","0.13","0","2","10.00","11.50","1.01","1.01","1.05","6","3"
"21",490,3,1,0,0,0,0,0,1,0,0,"10.00","12.50","4.00","5.00","13.0","0.12",0,"0.0",2,6,16,"1.05","1.01","1.05","4","4",1,1,111692,"1","2.00","18.00","3.00","5.00","26.0","0.28","0","2","6.00","16.00","1.01","1.01","1.05","5","3"
"22",493,3,1,0,0,0,0,1,0,0,0,"27.00","12.00","3.00","5.00","26.0","0.25",0,"0.0",2,6,16,"1.05","0.90","2.01","6","3",1,1,111192,".","0.00","30.00","4.00","4.90","13.0","0.25","0","2","6.00","16.00","1.02","1.01","0.84","3","3"
"23",495,3,0,0,0,0,0,0,1,0,2,"4.00","28.00","3.00","5.00","26.0","0.25",0,"2.0",2,7,15,"1.05","1.01","0.94","3","3",1,1,111192,".","8.00","20.00","3.00","5.00","26.0","0.25","1","2","6.00","16.00","0.96","1.01","1.01","5","3"
"24",496,3,1,0,0,0,0,0,1,0,0,"10.00","15.00","3.00","5.00","13.0","0.17",1,"0.0",2,6,16,"1.05","0.90","0.73","5","3",1,1,111192,".","10.00","10.00","3.00","4.75","19.0","0.18","0","2","6.00","16.00","1.01","1.01","0.89",".","."
"25",499,4,1,0,0,0,0,0,1,0,0,"0.00","28.00","5.00","5.00","26.0","0.07",1,"11.0",2,10,12,"0.90","0.69","1.75","2","2",1,1,111492,"1","0.00","31.00","5.00","5.00","26.0","0.10","1","2","10.00","12.00","0.90","0.69","0.94","2","2"
"26",509,3,1,0,0,0,0,0,1,0,2,"3.00","16.00","3.00","5.00","13.0","0.25",0,"30.0",2,6,16,"1.05","0.95","1.16","6","3",1,1,111192,".","5.50","10.00","3.00","4.25","26.0","0.20","0","2","6.50","15.50","1.00","1.01","0.94","3","2"
"27",515,3,1,0,0,0,0,0,1,0,0,"7.00","16.00","4.00","5.00","13.0","0.20",0,"33.0",2,6,16,"1.05","0.94","1.16","5","3",1,1,111192,".","5.00","19.00","3.00","4.75","13.0","0.18","0","2","6.00","16.00","1.01","1.01","0.94","5","4"
"28",37,1,0,0,0,0,0,1,0,0,2,"21.00","9.00","7.00","4.25","4.0","0.25",0,"33.0",2,6.5,16.5,"0.98","0.84","0.84","5","3",1,1,111092,".","6.00","25.00","7.00","4.25","52.0","0.18","0","2","6.50","16.50","0.98","0.84","0.86","6","3"
"29",39,1,0,0,0,0,0,1,0,0,0,"1.00","32.00","2.00","4.25","8.0",".",0,"100.0",2,6.5,17.5,"1.03","0.73","0.52","4","2",1,1,111792,".","5.00","15.00","3.00",".",".",".","0","2","6.50","16.50","1.05",".","0.63","4","2"
"30",40,1,0,0,0,0,0,1,0,0,0,"10.00","20.00","7.00","4.25","4.0","0.15",0,"100.0",2,6.5,16.5,"0.98","0.82","0.80","3","3",1,1,111092,".","7.00","25.00","6.00","4.25","8.0","0.13","0","2","6.50","17.50","0.98","0.82","0.87","3","2"
"31",41,1,0,0,0,0,0,1,0,0,0,"0.00","27.00","6.00","4.25","18.0","0.20",0,"100.0",2,6.5,16.5,"0.98","0.82","0.85","3","3",1,1,111892,"2","0.00","42.00","6.00","4.25",".",".","0","2","6.50","17.50","0.94","0.78","0.91","3","2"
"32",42,1,0,0,0,0,0,1,0,0,2,"17.00","4.00","5.00","4.50",".",".",0,"100.0",2,6.5,16.5,"0.98","0.83","0.86","3","3",1,1,111792,"1","0.00","22.00","5.00","4.25","26.0","0.25","0","2","6.50","16.50","0.94",".",".","3","2"
"33",45,1,0,0,0,0,0,1,0,0,0,"0.00","24.00","6.00","4.25","2.0","0.25",0,"25.0",2,7,16,"0.98","0.83","0.86","3","3",1,1,111092,".","11.00","12.00","2.00","4.25","26.0","0.15","0","3","6.50","17.50","0.98","0.75","0.86","3","3"
"34",47,1,0,0,0,0,0,1,0,0,2,"25.00","15.00",".","4.50","4.0","0.17",0,"75.0",2,6,17,"1.05","0.86","0.86","3","3",1,1,111092,".","0.00","45.00","2.00","4.25",".",".","0","2","6.00","18.00","1.05","0.86","0.86","3","."
"35",48,1,0,0,0,0,0,1,0,0,0,"6.00","20.00","3.00","4.25","13.0","0.20",1,"31.0",3,7,14,"1.01","0.84","0.63","4","3",1,1,111092,".","7.50","25.00","5.00","4.38","13.0","0.25","1","3","7.00","14.00","0.98","0.79","0.87","4","3"
"36",50,2,0,0,0,0,0,1,0,0,0,"6.00","10.00","3.00","4.50","13.0",".",0,"20.0",2,10,12,"1.01","0.89","3.50","4","3",1,1,111292,".","4.00","20.00","3.00","4.75","13.0","0.10","0","2","10.00","13.00","1.01","0.89","2.35","4","3"
"37",51,2,0,0,0,0,0,1,0,0,1,"0.00","15.00","3.00","4.25",".","0.15",0,"100.0",2,10,13,"1.01","0.89","2.35","4","3",1,1,111792,"2","6.00","15.00","3.00","4.25",".",".","0","2","10.00","13.00","1.00","0.89","2.35","5","3"
"38",57,4,1,0,0,0,0,1,0,0,0,"30.00","10.00","3.00","4.67","26.0","0.07",1,"70.0",2,10,12,"0.87","0.79","0.90","2","2",1,1,111492,"1","7.00","18.00","4.00","4.50","26.0","0.13","1","2","10.00","12.00","1.01","0.78","0.90","2","2"
"39",58,4,1,0,0,0,0,1,0,0,2,"8.00","25.00","3.00","4.75","26.0","0.15",0,"80.0",2,10,12,"0.87","0.77","1.01","2","2",1,1,111492,"2","0.00","28.00","4.00","4.50","26.0","0.08","1","2","10.00","12.00","1.04","0.84","0.94","2","2"
"40",59,4,0,0,0,0,0,1,0,0,3,"0.00","15.00","3.00","4.25","26.0","0.10",0,"90.0",1,7.5,10.5,"0.91","0.89","0.81","2","2",1,1,111492,"1","0.00","16.00","4.00","4.25","26.0","0.10","0","1","7.50","10.50","1.01","0.84","0.86","2","2"
"41",60,4,0,0,0,0,0,1,0,0,0,"10.00","20.00","5.00","4.25","4.0","0.10",0,"75.0",1,10.5,11.5,"0.94","0.74","0.86","2","2",1,1,111792,"2","10.00","20.00","5.00","4.25","4.0","0.25","0","1","10.00","12.00","0.98","0.84","0.86","2","2"
"42",407,2,1,0,0,0,0,0,1,0,0,"2.00","12.00","3.00","4.75","52.0","0.12",0,"90.0",3,11,10,"0.95","0.74","2.33","4","3",1,1,111492,".","1.00","14.00","3.00","4.25","4.0","0.30","0","1","11.00","11.00","0.95","0.84","2.53","4","3"
"43",430,1,0,0,0,0,0,1,0,0,0,"20.00","25.00","4.00","4.25","13.0","0.15",0,"44.0",2,7,15,"0.95","0.75","0.80","3","3",1,1,110792,".","0.00","48.00","3.00","4.25","26.0","0.13","0","2","7.00","16.00","0.91","0.73","0.75","3","3"
"44",432,1,0,0,0,0,0,1,0,0,0,"20.00","55.00","5.00","4.50","17.0","0.15",0,"75.0",2,7,16,"0.94","0.74","0.79","4","3",1,1,110792,"1","25.00","10.00","4.00","5.05","26.0","0.20","0","2","7.00","16.00","0.94","0.74","0.79","3","1"
"45",433,1,0,0,0,0,0,1,0,0,0,"10.00","30.00","4.00","4.25","13.0","0.15",0,"75.0",2,7,16,"0.95","0.73","0.80","3","3",2,1,123092,"6","0.00","42.00","4.00",".",".",".","0","2","7.00","16.00","0.94","0.74","0.74","3","3"
"46",434,1,0,0,0,0,0,1,0,0,2,"15.00","50.00","5.00","4.25","6.0","0.25",0,"77.0",2,7,16,"0.95","0.75",".","3","3",1,1,111692,".","19.00","29.00","4.00","4.25",".",".","0","2","7.00","16.00","0.95","0.80","0.80","3","3"
"47",435,1,0,0,0,0,0,1,0,0,1,"1.00","37.50","3.00","4.25","4.0","0.17",1,"25.0",2,6.5,15.5,"0.95","0.75","0.79","3","3",1,1,110792,".","0.00","32.00","5.00","4.25","6.0","0.15","1","2","6.50","15.50","0.94","0.74","0.79","3","2"
"48",438,2,0,0,0,0,0,1,0,0,2,"0.00","9.00","3.00","4.25","52.0","0.07",0,"11.0",2,11,8,"1.01","0.84","2.43","2","1",1,1,111292,".","2.00","9.00","3.00","4.25","52.0","0.05","0","2","11.00","9.00","0.95","0.84","2.43","2","1"
"49",440,4,0,0,0,0,0,1,0,0,2,"0.00","25.00","3.00","4.25","19.0","0.15",0,"100.0",2,10.5,11.5,"0.89","0.79","2.01","2","2",1,1,111392,".","0.00","30.00","3.00",".",".",".","0","2","10.50","11.50","1.00","0.80","1.80","2","2"
"50",441,4,0,0,0,0,0,1,0,0,2,"30.00","10.00","3.00","4.25","4.0","0.25",1,"100.0",2,10.5,11.5,"0.89","0.77","0.84","2","2",1,1,111392,".","0.00","30.00","3.00","4.25","4.0","0.25","0","2","10.50","11.50","1.00","0.80","1.81","2","2"
"51",443,4,0,0,0,0,0,1,0,0,0,"4.00","19.00","4.00","4.25","4.0","0.25",0,"95.0",2,10.5,11.5,"0.89","0.79","1.80","2","2",1,1,111392,".","5.00","20.00","4.00","4.35","17.0","0.18","0","2","10.50","11.50","1.00","0.80","1.81","2","2"
"52",444,4,0,0,0,0,0,1,0,0,2,"12.00","20.00","3.00","4.25","19.0","0.37",0,".",2,10.5,12.5,"0.89","0.80","0.84","2","2",1,1,111392,".","10.00","35.00","4.00","4.50","4.0","0.30","0","2","10.50","11.50","0.89",".","0.79","2","2"
"53",446,1,0,0,0,0,0,0,1,0,2,".",".","3.00","4.50","4.0","0.25",0,"50.0",2,6,18,"1.03","0.84","0.94",".",".",1,1,110792,".","7.00","24.00","4.00","5.00","4.0","0.25","1","2","6.00","18.00","0.97","0.84","0.91","4","3"
"54",448,1,0,0,0,0,0,0,1,0,0,"8.00","18.00","4.00","4.75","4.0","0.25",1,"78.0",2,6,18,"0.97","0.84","0.91","3","3",1,1,111892,"1","8.00","27.00","3.00","4.50","13.0","0.25","0","2","6.00","18.00","0.96","0.83","0.87","3","3"
"55",449,1,0,0,0,0,0,0,1,0,2,"0.00","25.00","3.00","4.87","3.5",".",0,"3.0",2,6,18,".",".",".","4","4",1,1,110792,".","15.00","15.00","5.00","5.00","52.0","0.25","0","2","6.00","18.00","0.97","0.84","0.73","3","3"
"56",450,1,0,0,0,0,0,0,1,0,0,"2.00","21.00","3.00","4.75","13.0","0.15",0,"50.0",2,6.5,16.5,"0.97","0.82","0.84","3","3",1,1,111892,"2","27.50","8.00","3.00","4.75","13.0","0.25","1","2","6.00","18.00","0.91","0.84","0.86","3","3"
"57",454,2,1,0,0,0,0,0,1,0,0,"1.00","9.00","3.00","4.50","4.0","0.15",0,".",2,11,10,"0.94","0.73","2.53","4","3",1,1,111292,".","0.00","18.00","5.00","5.00","13.0","0.25","0","1","11.00","11.00","0.94","0.73","2.64","4","3"
"58",459,3,1,0,0,0,0,0,1,0,0,"5.00","20.00","3.00","4.25","13.0","0.37",0,".",2,6,16,"1.05","0.90","0.94","5",".",2,1,122292,"1","0.00","20.00","5.00","4.35","28.0","0.15","1","2","7.00","15.00","1.01","1.01","0.89","4","2"
"59",466,4,0,0,0,0,0,0,1,0,2,"8.00","17.50","4.00","4.75","17.0","0.30",1,"65.0",3,10.5,11.5,"0.94","0.80","0.94","2","2",1,1,111892,"5","14.00","12.00","3.00",".","52.0",".","0","1","10.50","11.50","0.94",".",".","2","2"
"60",471,1,0,0,0,0,0,0,1,0,2,"25.00","20.00","4.00","4.25","26.0",".",0,"50.0",2,6,18,"0.97","0.84","0.91","2","2",1,1,111692,".","12.00","23.00","3.00","4.25","26.0","0.15","0","2","6.00","18.00","0.97","0.86","0.91","3","1"
"61",472,1,0,0,0,0,0,0,1,0,2,"37.50","2.00","3.00","4.25","52.0",".",0,"80.0",2,6.5,16.5,"0.97","1.05","0.91","3","3",1,1,110792,".","8.00","25.00","3.00","4.90","13.0","0.18","0","2","6.00","17.00","0.96","0.84","0.91","3","3"
"62",473,1,0,0,0,0,0,0,1,0,0,"5.00","27.00","4.00","4.75","26.0","0.50",1,"50.0",2,6,17,"0.97","0.86","0.89","3","2",1,1,111792,"1","26.00","15.00","2.00","4.50","19.0","0.13","0","2","6.00","17.00","0.97","0.84","0.86","3","3"
"63",475,1,0,0,0,0,0,0,1,0,1,"25.00","8.00","3.00","4.50",".",".",0,"60.0",1,7,15,"1.02","0.89","0.90","3","3",1,1,110792,".","10.00","16.00","3.00","4.50","26.0","0.15","0","1","7.00","15.00","1.02","0.94","0.90","3","3"
"64",476,1,0,0,0,0,0,1,0,0,2,"6.00","30.00","3.00","4.25","52.0","0.12",0,"60.0",2,6,18,"0.95","0.79","0.91","3","3",1,1,111792,"1","5.00","30.00","3.00","4.75","52.0","0.20","0","2","6.00","18.00","0.96","0.84","1.18","3","3"
"65",477,1,0,0,0,0,0,0,1,0,1,"8.00","28.00","4.00","4.25","39.0","0.12",1,"50.0",2,6.5,16.5,"0.97","0.78","0.99","3","3",1,1,110792,".","6.00","20.00","4.00","6.25","26.0","0.50","0","2","6.00","17.00","0.96","0.84","0.89","3","3"
"66",478,1,0,0,0,0,0,1,0,0,0,"32.00","25.00","4.00","4.50","13.0","0.22",0,"30.0",2,6,19,"0.97","0.86","0.91","3","3",2,1,122292,"1","8.00","30.00","4.00","4.35","13.0","0.25","0","2","6.00","18.00","1.01","0.88","0.91","3","2"
"67",485,2,1,0,0,0,0,0,1,0,2,"1.00","9.00","3.00","4.50","26.0","0.37",0,"80.0",2,11,10,"0.95","0.74","2.33","4","3",1,1,111292,".","4.00","12.00","3.00","4.50","19.0",".","0","2","11.00","11.00","1.01","0.73","2.32","4","3"
"68",491,3,0,0,0,0,0,0,1,0,0,"4.00","25.00","2.00","4.50","13.0","0.37",0,"100.0",2,8.5,13,"1.05","0.91","0.95","3","2",2,3,123092,"3","0.00","0.00","0.00",".",".",".",".",".",".",".",".",".",".",".","."
"69",492,3,1,0,0,0,0,0,1,0,0,"2.00","16.00","3.00","4.50","13.0","0.25",0,"75.0",2,9,12.5,"1.11","1.05","0.94","2","1",1,1,111192,".","4.00","15.00","2.00","4.50","19.0","0.10","0","2","9.00","12.50","1.11","1.11","1.05","2","1"
"70",497,4,1,0,0,0,0,0,1,0,0,"12.00","15.00","3.00","4.50","13.0","0.15",1,"37.0",2,10,12,"0.91","0.84","0.84","2","2",1,1,111392,".",".",".","5.00",".",".",".","0","2","10.00","12.00","1.01","0.90","0.79","2","2"
"71",498,4,1,0,0,0,0,0,1,0,2,"20.00","10.00","3.00","4.75","26.0","0.10",1,"75.0",2,10,12,"0.91","0.84","0.85","2","2",1,1,111792,"2","21.00","5.50","3.00","5.00","26.0",".","1","2","10.00","12.00","0.98","0.84","0.90","2","2"
"72",501,1,0,0,0,0,0,0,1,0,0,"14.00","15.00","3.00","4.25","4.0","0.37",1,"63.0",2,6.5,16.5,"0.84","0.84","0.94","3","3",1,1,111792,"2","30.00","15.00","6.00","4.75","4.0","0.35","1","1","6.00","18.00","1.03","0.91","0.91","3","3"
"73",503,1,0,0,0,0,0,0,1,0,2,"7.50","14.00","4.00","4.75",".","0.12",0,"100.0",2,6.5,16.5,"0.97","0.84","0.91","3","3",1,1,110792,".","35.00","6.50","3.00","4.50","13.0","0.15","0","2","6.00","18.00","0.97","0.84","1.00","3","3"
"74",510,3,1,0,0,0,0,0,1,0,0,"7.00","25.00","4.00","4.25","26.0","0.25",0,"60.0",2,6,16,"1.05","0.91","1.05","3","3",1,1,111892,"2","2.50","17.50","3.00",".","13.0",".","1","2","7.00","15.00","1.05","1.01",".","5","3"
"75",511,3,1,0,0,0,0,0,1,0,0,"4.00","16.00","3.00","4.75","9.0","0.15",0,"75.0",2,6,16.5,"1.01","0.91","1.05","4","4",1,1,111192,".","3.00","13.00","3.00","4.75",".",".","0","2","7.00","15.00","1.01","1.01","0.89","6","2"
"76",514,3,0,0,0,0,0,0,1,0,0,"5.00","20.00","3.00","4.50","26.0","0.25",0,"25.0",2,6,16,"0.94","0.90","0.94","5","3",1,1,111192,"1","23.00","16.00","3.00","4.25","10.0","0.20","0","2","6.00","16.00","0.95","0.95","1.05","6","4"
"77",516,3,1,0,0,0,0,0,1,0,2,"6.00","22.50","3.00","4.75","13.0","0.12",0,"23.0",3,6,16,"1.05","0.91","1.05","4","3",1,1,111692,".","2.00","12.00","2.00","4.91","14.0","0.18","1","2","8.00","14.00","1.01","0.95","0.89","5","3"
"78",521,1,0,0,0,0,0,1,0,0,0,"2.50","20.00","3.00","4.25","13.0",".",1,"50.0",2,6.5,16.5,".",".","0.52","4","4",1,1,110792,".","0.00","12.00","8.00","4.40","13.0","0.13","1","2","7.00","16.00","0.41","0.84","0.89","4","2"
"79",522,1,0,0,0,0,0,1,0,0,2,"2.00","30.00","4.00","4.35","26.0","0.20",0,"75.0",3,7,16,"1.00","0.87","0.94","3","3",1,1,110792,".","3.00","23.00","3.00","4.25","26.0","0.15","0","3","7.00","16.00","1.00","0.74","0.95","3","3"
"80",113,1,0,1,0,1,0,0,0,0,0,"0.00","22.00","4.00",".",".",".",1,".",2,7,16,"1.06","0.95","1.00","4",".",1,1,111092,".","2.00","40.00","5.00","5.05","26.0","0.28","1","2","7.00","16.00","1.05","0.90","0.98","3","2"
"81",123,1,0,1,0,1,0,0,0,0,0,"0.00","20.00","5.00",".","13.0",".",0,"28.0",2,7,14.5,"1.06","0.95","1.01","2","1",1,1,111092,".","5.00","25.00","4.00","5.05","26.0","0.15","0","3","7.50","14.00","1.05","0.94","1.00","3","2"
"82",135,3,0,1,0,1,0,0,0,0,0,"10.00","20.00","4.00",".","26.0",".",0,".",0,9,12.5,".",".",".","5","3",1,1,111692,".","8.00","24.00","3.00","5.05",".","0.25","0","2","10.00","11.50","1.16","1.06","1.05","5","3"
"83",138,3,1,1,0,0,1,0,0,0,0,"4.50","25.50","2.00",".",".",".",1,".",2,10,11.5,"1.12","1.07","1.06","6",".",1,1,111692,".","2.00","33.00","3.00","5.05","26.0","0.20","0","2","10.00","11.50","1.21","1.01","0.94","6","4"
"84",153,1,0,1,0,0,1,0,0,0,0,"0.00","25.00","9.00",".","52.0","0.15",0,"33.0",1,7,17,"1.00","0.95","0.89","4","3",1,1,111092,".","26.50","10.00","3.00","5.05","26.0","0.15","0","2","7.00","17.00","1.05","0.95","0.95","3","2"
"85",181,2,0,1,0,0,1,0,0,0,0,"0.00","13.00","3.00",".",".",".",0,"100.0",1,10.5,11,"0.91","0.79","2.34","3","2",1,1,111192,".","1.00","15.00","2.00","5.05",".","0.25","0","1","10.50","11.00","0.95","0.90","2.49","3","2"
"86",191,4,0,1,0,0,1,0,0,0,0,"30.00","20.00","4.00",".",".",".",0,".",2,10.5,12,"1.06","0.95","1.06",".","1",1,1,111792,"1","0.00","25.00","4.00","5.05","6.0","0.25","1","2","10.50","12.00","1.02","0.94","1.05","2","2"
"87",231,1,0,1,0,0,1,0,0,0,1,".","10.00","3.00",".","26.0",".",0,".",2,7,16,"1.02","1.02","0.95","2","2",1,1,111092,".","16.00","6.00","4.00","5.05","4.0","0.25","0","1","7.00","16.00","0.90","0.95","0.95","3","1"
"88",236,1,0,1,0,0,1,0,0,0,3,"0.00","34.00","4.00",".","17.0",".",0,"95.0",1,7,17,"1.18","1.02","1.06","4","3",1,1,111792,"2","23.00","22.00","4.00","5.05","8.0","0.28","1","1","7.00","18.00","1.10","1.01","0.99","4","3"
"89",254,4,0,1,1,0,0,0,0,1,0,"20.00","10.00","3.00",".","16.0",".",0,".",1,7,16,"1.06","0.86","1.06","2","2",1,1,111492,"1","28.00","10.00","3.00","5.25","8.0","0.20","1","1","7.00","15.00","1.00","0.85","1.05","2","2"
"90",255,4,0,1,1,0,0,0,0,0,2,"0.00","14.00","3.00",".","52.0","0.27",1,"10.0",1,7,14,"1.01","0.79","0.85","2","2",1,1,111392,".","8.00","12.00","2.00",".","52.0","0.14","0","1","7.00","14.00","1.00","0.85","2.11","2","2"
"91",294,1,0,1,0,0,1,0,0,0,3,"0.00","35.00","3.00",".","26.0","0.20",0,"70.0",2,7,16,"1.06","0.95","0.95","3","3",1,1,110992,".","0.00","35.00","3.00","5.05","26.0","0.20","0","2","7.00","16.00","1.05","0.94","0.94","3","2"
"92",306,3,1,1,0,0,1,0,0,0,0,"15.00","15.00","3.00",".","17.0",".",0,".",2,6,17,"1.02",".","1.06","4","4",1,1,111792,"1","6.00","20.00","3.00","5.05","26.0","0.23","0","2","6.00","18.00","1.11","1.05","1.05",".","2"
"93",311,4,0,1,0,0,1,0,0,0,2,"0.00","30.00","4.00",".","26.0","0.32",1,"78.0",2,10.5,11.5,"0.91","0.91","1.06","2","2",1,1,111392,".","35.00","30.00","3.00","5.05",".","0.20","0","2","10.50","11.50","1.01","0.95","1.05","2","2"
"94",315,1,0,1,1,0,0,0,0,0,0,"5.00","19.00","2.00",".","4.0","0.25",1,"65.0",3,7,16,"1.00","0.85","0.88","3","2",1,1,110992,".","4.50","20.00","2.00","5.05","8.0","0.08","0","2","7.00","16.00","1.05","0.84","0.87","3","2"
"95",335,1,1,1,1,0,0,0,0,0,0,"9.00","10.00","3.00",".","13.0","0.17",0,"100.0",1,6,17,"1.06","0.92","0.92","5","2",1,1,111892,"3","7.00","13.00","3.00","5.05","26.0","0.13","0","1","6.00","17.00","1.05","0.94","0.94","5","2"
"96",372,1,1,1,0,0,1,0,0,0,2,"0.00","45.00","5.00",".","26.0","0.15",1,"30.0",3,6.5,19,"1.10","0.95","1.10","4",".",1,1,111792,"1","30.00","20.00","5.00","5.05","8.0","0.08","0","2","6.50","18.50","1.06","1.05","1.04","4","3"
"97",6,3,1,1,0,1,0,0,0,0,2,"2.00","2.00","2.00","5.00","13.0","0.25",0,"100.0",1,11,7,"1.20","1.17","2.35","4","2",1,1,111792,"1","5.00","2.00","2.00","5.05","13.0","0.15","0","1","10.00","8.00","1.11","1.01","2.23","4","2"
"98",14,2,0,1,0,1,0,0,0,0,0,"10.00","8.00","2.00","5.12","6.0","0.25",0,"0.0",3,11,11,"1.06","0.85","2.49","6","5",1,1,110592,".","4.00","17.00","3.00","5.05","13.0","0.25","1","2","11.00","11.00","1.05","0.94","2.60","6","3"
"99",26,1,0,1,0,0,1,0,0,0,3,"30.00","15.00","4.00","5.56","6.0",".",1,".",2,7,16,"1.06","0.91","0.98","4","2",1,1,111792,"2","10.00","20.00","4.00","5.05",".",".","0","2","7.00","16.00","1.01","0.94","0.94","5","4"
"100",27,2,1,1,0,1,0,0,0,0,2,"4.00","10.00","4.00","5.00",".","0.37",0,"0.0",1,11,10,"1.06","0.85","2.34","4","3",1,1,111292,".","0.00","7.00","4.00","5.05","26.0","0.25","0","1","11.00","10.00","1.05","0.84","2.53","4","3"
"101",30,2,0,1,0,0,1,0,0,0,4,"6.00","4.00","2.00","5.00","13.0","0.37",0,"0.0",1,11,10,"1.06","1.06","2.53","2","2",1,1,111292,".","4.00","3.00","2.00","5.05","19.0","0.25","1","1","11.00","10.00","0.94","0.92","2.69","2","2"
"102",31,2,0,1,0,1,0,0,0,0,2,"4.00","16.00","3.00","5.25","13.0","0.15",0,"0.0",2,11,11,"1.03","1.06","2.56","4","3",1,1,111492,"3","6.00","15.00","5.00","5.05","26.0","0.25","0","1","10.50","12.50","1.00","1.05","2.64","4","4"
"103",33,3,0,1,0,0,1,0,0,0,0,"12.00","20.00","4.00","5.00","26.0","0.25",0,"7.0",2,6,17,"1.02","1.07","0.95","5","4",1,1,111392,".","6.00","11.00","5.00","5.05",".","0.20","0","2","6.00","17.00","1.11","1.06","1.05","4","2"
"104",36,4,0,1,0,1,0,0,0,0,0,"8.00","12.00","4.00","5.50","30.0","0.17",1,"0.0",2,10.5,13,"1.02","0.91","2.57","2","2",1,1,111492,".","10.00","35.00","6.00","5.05","26.0","0.15","1","2","10.50","12.50","0.95","0.89","1.19","2","2"
"105",77,3,0,1,0,0,1,0,0,0,0,"6.00","50.00","4.00","5.00","4.0","0.15",0,"100.0",2,6,19,"1.18","1.07","1.17","6","5",1,1,111992,"4","4.00","60.00","3.00","5.05","52.0","0.15","0","2","6.00","19.00","1.06","1.06","1.05","6","2"
"106",78,3,1,1,0,0,1,0,0,0,0,"13.00","10.00","3.00","5.00","26.0","0.15",0,"0.0",2,6,17,"1.12","1.02","1.02","4","2",1,1,111392,".","10.00","12.00","2.00","5.05","26.0","0.10","0","2","7.00","16.00","1.11","1.01","1.05","5","3"
"107",81,4,0,1,0,0,1,0,0,0,4,"25.00","13.00","3.00","5.00","26.0","0.10",0,"95.0",2,10,12,"1.06","0.98","1.06","2","2",2,1,121592,"3","0.00","45.00","4.00","5.05",".",".","1","2","10.50","11.50","1.11","0.98","2.07","2","1"
"108",82,4,0,1,0,0,1,0,0,0,6,"8.00","14.50","3.00","5.00","13.0","0.37",1,"0.0",2,10.5,13.5,"1.06","1.03","1.06","2","2",1,1,111492,".","25.00","8.00","4.00","5.05","13.0","0.18","1","2","10.50","13.50","1.11","0.98","1.05","2","2"
"109",83,4,0,1,0,0,1,0,0,0,2,"12.50","20.00","2.00","5.00","13.0","0.25",0,"11.0",2,10.5,13.5,"1.06","0.98","2.13","2","2",1,1,111792,"2",".",".","4.00","5.05","26.0","0.50","0","2","10.00","14.00","1.11","0.89","0.99","2","2"
"110",85,1,0,1,0,1,0,0,0,1,3,"7.00","20.00","3.00","5.50","26.0","0.52",0,"1.0",1,9,12.5,"1.12","1.02","1.02","5","4",1,1,111692,".","0.00","35.00","3.00","5.05","26.0","0.18","0","1","9.00","12.50","1.11","1.01","1.05","5","1"
"111",89,1,1,1,0,1,0,0,0,0,2,"10.00","6.00","3.00","5.00","13.0","0.17",0,"0.0",2,7,16,"1.09","0.95","1.04","3","2",1,1,111092,".","6.00","25.00","6.00","5.50","4.0","0.63","0","2","7.00","16.00","1.11","1.01","1.05","3","3"
"112",94,2,0,1,0,1,0,0,0,0,2,"0.00","25.00","5.00","5.00","26.0","0.25",0,"0.0",3,11,10,"1.06","0.80","2.56",".",".",1,1,111292,".","2.00","20.00","4.00","5.05","52.0","0.25","0","1","11.00","10.00","1.05","0.79","2.53","3","."
"113",103,4,0,1,0,0,1,0,0,0,2,"12.50","10.00","3.00","5.00","26.0","0.27",0,"50.0",2,10.5,11.5,"0.91","0.85","0.95","2","2",1,1,111492,"2",".",".","2.00","5.05","13.0",".","0","2","10.50","12.50","1.05","0.84","1.26","2","2"
"114",112,4,0,1,0,0,1,0,0,0,0,"4.00","26.00","3.00","5.00","13.0","0.20",0,"80.0",2,10,14,"1.06","0.98","1.06","2","2",2,1,121392,"9","5.00","25.00","6.00","5.05","28.0","0.18","0","2","10.50","12.50","1.11","1.09","2.07",".","."
"115",128,2,1,1,0,1,0,0,0,0,3,"6.50","7.50","2.00","5.00",".","0.15",0,".",2,11,11,"1.06","0.85","2.34","4","2",1,1,111492,"1","3.00","16.00","2.00","5.05","26.0","0.25","0","1","11.00","11.00","1.05","0.79","2.32","3","2"
"116",129,3,0,1,0,1,0,0,0,0,3,"20.00","20.00","3.00","5.25","26.0","0.05",0,"0.0",2,6,16,"1.10","1.00","0.74","6","4",1,1,111392,".","7.00","18.00","4.00","5.05","52.0","0.25","0","2","6.00","16.00","1.11","1.00","0.89","4","3"
"117",131,3,0,1,0,1,0,0,0,0,2,"15.00","25.00","4.00","5.50","4.0","0.37",1,"10.0",2,6,17,"1.06","1.06","1.06","5","2",2,1,121692,"2","8.00","22.00","3.00","5.05",".",".","0","2","7.00","15.00","1.05","1.11","1.05","5","4"
"118",139,4,0,1,0,1,0,0,0,0,0,".",".","2.00","5.50",".",".",0,".",2,10.5,12.5,"0.95","0.95","1.06","2","1",1,1,111492,".","11.00","25.00","5.00","5.50","19.0","0.25","1","2","11.00","12.00",".",".",".",".","."
"119",143,4,0,1,0,1,0,0,0,0,3,"0.00","30.00","3.00","5.37","26.0","0.25",1,"15.0",2,10.5,11.5,"0.95","0.95","1.06","2","2",2,4,121692,"2",".",".",".",".",".",".",".",".",".",".",".",".",".",".","."
"120",144,4,0,1,0,1,0,0,0,0,2,"10.00","30.00","3.00","5.05","26.0","0.15",1,"0.0",2,10.5,12.5,"0.91","0.85","1.06","2","2",1,1,111792,"1","4.00","37.00","3.00","5.05","26.0","0.35","1","2","10.50","12.50","0.94","0.94","1.26","2","2"
"121",145,1,0,1,0,0,1,0,0,0,0,"5.00","17.00","3.00","5.00","13.0","0.15",1,"0.0",2,7,16,"1.06","0.95","0.95","3","2",1,1,111092,".","10.00","8.00","4.00","5.28","26.0","0.13","1","2","7.00","16.00","1.05","0.96","0.95","3","2"
"122",147,1,0,1,0,0,1,0,0,0,0,"8.50","6.50","3.00","5.12","8.0","0.25",0,"100.0",2,7,14,"1.12","0.89","0.95","2","2",1,1,111892,"1","6.00","0.00","3.00","5.25","13.0","0.38","0","2","7.00","14.00","1.13","0.91","0.91","2","2"
"123",148,1,0,1,0,0,1,0,0,0,4,"4.50","30.00","4.00","5.25","26.0","0.17",1,"0.0",2,7,17,"1.06","0.95","0.95","3","2",1,1,111092,".","7.50","30.00","4.00","5.05","26.0","0.20","1","2","7.00","17.00","1.05","0.94","0.94","3","3"
"124",151,1,0,1,0,0,1,0,0,0,0,"1.00","12.00","3.00","5.00","12.0","0.10",0,"92.0",2,7,15,"1.09","0.81","1.04","3","3",2,3,123092,"2","0.00","0.00","0.00",".",".",".",".",".",".",".",".",".",".",".","."
"125",152,1,0,1,0,0,1,0,0,0,0,"35.00","15.00","4.00","5.12","9.0","0.67",1,"10.0",1,7,15,"1.17","0.95","1.02","3","2",1,1,111092,".","12.00","13.50","5.00","5.05","13.0","0.28","0","2","7.00","15.00","1.16","0.94","0.94","3","3"
"126",157,2,0,1,0,0,1,0,0,0,0,"10.00","5.00","3.00","5.00","26.0","0.25",0,"0.0",1,10.5,12,"0.91","0.85","2.34","3","3",1,1,111792,"2","12.00","8.00","2.00","5.50","26.0","0.25","0","1","10.50","11.00","0.95","0.83","2.47","2","2"
"127",161,3,1,1,0,0,1,0,0,0,0,"8.00","25.00","4.00","5.00","19.0","0.15",0,"2.0",2,6,17,"1.12","1.02","1.06","7","3",1,1,111992,"4","26.00","12.00","4.00","5.05",".",".","0","2","6.00","17.00","1.11","1.06","1.05","7","5"
"128",163,3,1,1,0,0,1,0,0,0,0,"12.00","18.00","3.00","5.00","13.0","0.15",0,"11.0",2,6,16.5,"1.20","1.07","1.06","3","3",1,1,111292,".","1.50","33.00","3.00","5.05","26.0","0.15","0","2","7.00","15.00",".",".",".",".","."
"129",164,3,1,1,0,0,1,0,0,0,0,"4.00","30.00","4.00","5.00","26.0","0.10",0,"3.0",2,5,19,"1.12","1.02","1.06","5","3",1,1,111292,".","5.00","15.00","3.00","5.05","52.0","0.15","0","2","6.00","17.00","1.11","1.06","1.05","5","3"
"130",165,4,0,1,0,0,1,0,0,0,1,"20.00","10.00","3.00","5.00","15.0","0.27",1,"60.0",2,10.5,12.5,"1.06","0.89","1.06","3","2",1,1,111792,"1","10.00","17.00","4.00","5.05","14.0","0.13","0","2","10.50","12.50","1.05","0.98","1.05","2","2"
"131",169,1,1,1,0,0,1,0,0,0,0,"12.00","33.00","4.00","5.00","13.0","0.25",0,"50.0",2,7,16,"1.10","0.94","1.04","3","3",1,1,111692,".","20.00","6.00","4.00","5.05","52.0","0.15","0","2","7.00","16.00","1.11","1.05","1.05","3","3"
"132",170,1,1,1,0,0,1,0,0,0,1,"10.00","20.00","3.00","5.00","52.0","0.52",0,"0.0",2,7,16,"1.10","1.02","1.08","3","2",1,1,111092,".","20.00","20.00","4.00","5.05","4.0",".","0","1","7.00","16.00","1.29","1.11","1.18","4","4"
"133",187,3,0,1,0,0,1,0,0,1,0,"4.00","20.00","3.00","5.62","26.0","0.52",0,"2.0",2,7,15,"1.12","1.09","1.06","4","3",1,1,111292,".","5.00","17.50","3.00","5.05","13.0","0.20","0","2","7.00","15.00","1.11","1.06","1.05","4","4"
"134",190,3,1,1,0,0,1,0,0,0,0,"5.00","42.00","4.00","5.00","26.0","0.12",1,".",2,6,16,"1.02","1.07","1.06","5",".",1,1,111292,".","7.00","30.00","4.00","5.05","26.0","0.18","0","2","7.00","15.00","1.05","1.01","1.74","5","3"
"135",196,4,1,1,0,0,1,0,0,0,0,"8.00","19.00","4.00","5.00","26.0","0.20",0,".",2,10.5,11.5,"0.95","0.85","1.06","2","2",1,1,111392,".","0.00","30.00","3.00","5.05","26.0","0.18","0","2","10.50","12.50","1.00","0.90","2.11","2","2"
"136",197,1,0,1,0,0,1,0,0,0,0,"23.00","10.00","4.00","5.00","26.0","0.25",0,"50.0",2,7,17,"0.99","0.89","0.89","3","2",1,1,111792,"1","5.00","21.00","5.00","5.05","26.0","0.13","0","3","7.00","17.00","1.05","0.95","0.95","3","1"
"137",234,1,0,1,0,0,1,0,0,0,2,"0.00","10.00","3.00","5.00","26.0",".",0,"0.0",2,7,16,"1.12",".","0.49","2","2",1,1,111892,"2","10.00","4.00","3.00","5.05","26.0",".","0","2","7.00","16.00","1.04","1.01","0.58","3","2"
"138",240,3,1,1,0,0,1,0,0,0,0,"15.00","35.00","3.00","5.10","26.0","0.25",0,"20.0",2,6,17,"1.18","1.02","1.06","6","4",1,1,111692,"1","15.00","15.00","3.00","5.05","26.0","0.15","0","2","6.00","17.00","1.10","1.00","1.05","6","4"
"139",241,3,0,1,0,0,1,0,0,0,2,"15.00","25.00","4.00","5.00","13.0","0.37",1,"30.0",2,7,16,"1.12","1.02","1.06","5","5",1,1,111192,"1","15.00",".","4.00","5.05","26.0","0.10","0","2","7.00","16.00","1.15","1.05","1.05","5","5"
"140",242,3,1,1,0,0,1,0,0,0,0,"25.00","10.00","3.00","5.25","13.0","0.25",1,"0.0",2,6,17,"1.10","1.02","1.06","5","4",1,1,111192,".","12.00","10.00","3.00","5.05","8.0","0.20","1","2","7.00","16.00","1.11","1.06","1.05","6","4"
"141",245,3,0,1,0,0,1,0,0,0,3,"15.00","8.00","3.00","5.50",".",".",0,"0.0",1,8.5,13.5,"1.20","1.02","1.02","4","2",1,1,111792,"3","8.00","12.00","4.00","5.05","26.0",".","0","1","8.50","13.00","1.11","1.11","1.05","5","1"
"142",259,1,0,1,1,0,0,0,0,0,0,"13.00","12.00","4.00","5.00","4.0","0.25",0,"50.0",2,7.5,14.5,"1.02","0.85","0.85","3","3",1,1,110992,".","15.00","15.00","4.00","5.05",".",".","0","2","7.50","14.50","1.05",".","0.84","3","3"
"143",268,1,1,1,1,0,0,0,0,0,1,"10.00","18.00","4.00","5.00","26.0","0.17",1,"0.0",2,7,15,"1.02","0.85","0.85","5","4",1,1,110992,".","0.00","42.50","2.00","5.05","26.0","0.25","1","2","7.00","15.00","0.94","0.78","0.84","4","4"
"144",271,2,1,1,1,0,0,0,0,0,3,"0.00","13.00","2.00","5.00","13.0","0.10",0,"38.0",2,11,11,"1.02","0.79","2.34","4","2",1,1,111792,"1","0.00","15.00","3.00","5.05","8.0","0.10","0","2","11.00","12.00","0.90","0.73","2.28","4","3"
"145",272,2,1,1,1,0,0,0,0,0,4,"4.00","11.00","3.00","5.05","4.0","0.20",0,"0.0",1,11,11,"0.95","0.74","2.34","4","2",1,1,111492,"1","2.00","14.00","3.00","5.25","26.0","0.20","0","2","11.00","12.00","0.94","0.73","2.32","4","3"
"146",274,2,1,1,1,0,0,0,0,0,0,"0.00","15.00","2.00","5.50","26.0","0.12",0,"27.0",2,11,10,"0.91","0.74","2.34","4","3",1,1,111392,".","3.00","7.00","3.00","5.05","26.0","0.20","0","1","11.00","11.00",".",".","2.32",".","."
"147",276,2,1,1,1,0,0,0,0,0,3,"5.00","10.00","3.00","5.00","26.0","0.25",0,"0.0",2,11,10.5,"0.95","0.74","2.19","4","3",1,1,111392,".","5.00","15.00","3.00","5.05","26.0","0.28","0","3","11.00","12.00","0.95","0.73","2.32","5","3"
"148",296,1,1,1,0,0,1,0,0,0,0,"5.00","16.00","4.00","5.30","26.0","0.25",0,"50.0",2,7,16,"1.06","0.95","1.01","3","3",1,1,111892,"3","4.00","9.00","6.00","5.05","13.0",".","0","2","7.00","16.00","1.05","0.94","1.00","3","2"
"149",299,2,1,1,0,0,1,0,0,0,0,"3.00","8.00","2.00","5.00","26.0",".",0,"0.0",1,10.5,11.5,"1.06","0.85","2.34","3","2",1,1,111792,"1","6.00","12.00","2.00","5.05","13.0","0.25","0","1","11.00","11.50","1.05","0.84","2.32","3","2"
"150",301,2,1,1,0,0,1,0,0,0,4,"8.00","12.00","5.00","5.00","11.0","0.36",1,"0.0",3,11,10.5,"1.06","0.85","2.34","3","1",1,1,111492,"1","2.00","7.00","1.00","5.05","4.0","0.50","0","2","11.00","10.50","0.94","0.84","2.32","3","2"
"151",320,2,0,1,1,0,0,0,0,1,0,"5.00","9.00","2.00","5.00","13.0","0.12",1,"0.0",2,11,12,"1.12","0.80","2.45","4","4",1,1,111392,".","4.00","6.00","3.00","5.05",".",".","0","1","11.00","11.00","1.05","0.84","2.43","4","3"
"152",321,2,0,1,1,0,0,0,0,1,0,"3.00","14.00","3.00","5.00",".","0.25",0,"10.0",2,10.5,12.5,"1.12","0.85","2.45","4","2",1,1,111492,"2","4.00","11.00","2.00","5.05","13.0","0.15","0","1","11.00","12.00","1.05","0.84","2.43","4","3"
"153",324,3,0,1,1,0,0,0,0,0,2,"20.00","46.00","5.00","5.25","26.0","0.20",0,"0.0",2,0,24,"1.18","1.06",".","5","2",2,1,121892,"4","22.00","39.00","5.00","5.05","52.0","0.25","1","2","0.00","24.00","1.22","1.05","1.05","5","2"
"154",326,3,1,1,1,0,0,0,0,1,3,"18.00","45.00","5.00","5.15","11.0","0.15",0,"7.0",2,0,24,"1.26","0.99",".","4","3",1,1,111892,"1","0.00","45.00","4.00","5.05",".",".","0","2","0.00","24.00","1.22",".","1.05","4","2"
"155",330,4,0,1,1,0,0,0,0,1,0,"4.00","16.00","3.00","5.42","13.0","0.12",1,"0.0",1,10.5,15.5,"1.01","0.86","0.95","2","2",1,1,111392,".","3.00","20.00","3.00","5.67","52.0","0.25","0","1","10.50","14.50","0.94","0.79","1.26","2","2"
"156",334,1,0,1,1,0,0,0,0,0,0,"10.00","10.00","3.00","5.00","4.0","0.17",0,"0.0",3,9,12.5,"0.91","0.91","0.91","3","3",1,1,110992,".","0.00","20.00","3.00","5.05","26.0","0.18",".","3","9.00","12.50","0.90","0.90","0.85","3","2"
"157",349,3,1,1,1,0,0,0,0,0,1,"2.50","27.00","5.00","5.00","6.0","0.15",0,"10.0",2,6,16,"1.12","0.91","0.95","3","3",1,1,111192,".","0.00","20.00","4.00","5.05","4.0","0.18","0","2","7.00","15.00","1.01","1.01","0.94","3","3"
"158",354,4,0,1,1,0,0,0,0,0,3,"14.00","7.00","3.00","5.06","4.0","0.25",1,"10.0",1,10.5,10.5,"0.95","0.86","0.95","2","2",1,1,111392,".","9.00","7.00","3.00","5.05","13.0","0.23","0","1","10.50","10.50","1.00","0.85","0.94","2","2"
"159",356,4,0,1,1,0,0,0,0,0,3,"11.50","10.00","4.00","5.05","13.0",".",1,"0.0",1,10.5,11.5,"0.95","0.80","1.06","2","2",1,1,111492,".","0.00","28.00","4.00","5.05","17.0","0.15","1","1","10.50","11.50","1.00","0.85","1.05","2","2"
"160",357,4,0,1,0,0,1,0,0,0,1,"4.50","20.00","3.00","5.00","16.0","0.20",0,"100.0",1,10.5,11.5,"0.95","0.86","0.95","2","2",1,1,111392,".","21.00","6.00","3.00","5.25","13.0","0.25","0","1","10.50","12.50","1.00","0.84","2.35","2","2"
"161",371,1,0,1,0,0,1,0,0,0,0,"12.00","23.00","4.00","5.00","13.0","0.15",0,"100.0",2,7,16,"1.06","1.02","0.95","3","3",1,1,110792,".","11.00","22.00","5.00","5.25","26.0",".","0","3","7.00","16.00",".",".",".","4","2"
"162",373,1,1,1,0,0,1,0,0,0,0,"14.00","12.00","4.00","5.00","4.0","0.25",0,"100.0",2,6.5,15.5,"1.01","0.95","1.03","6","3",1,1,110792,".","18.00","15.00","4.00","5.05","13.0","0.25","1","2","6.50","15.50","1.10","0.94","1.02","6","5"
"163",375,1,0,1,0,0,1,0,0,0,3,"25.00","10.00","4.00","5.25","26.0","0.25",1,"0.0",1,7,15,"1.02","0.80",".","4","2",1,1,111692,"1","0.00","25.00","4.00","5.50","26.0","0.10","1","1","7.00","15.00","1.05","0.94","1.01","3","3"
"164",378,1,1,1,0,0,1,0,0,0,4,"10.00","8.00","4.00","5.00","52.0","0.10",0,".",2,6.5,18.5,"1.10","0.96","1.10","5","5",1,1,110792,".","20.00","15.00","4.00","5.05","52.0","0.25","1","2","6.00","19.00","1.05","0.99","1.03","6","4"
"165",381,1,0,1,0,0,1,0,0,0,0,"10.00","20.00","4.00","5.00","13.0","0.50",1,"0.0",2,6.5,16.5,"1.27","1.17","1.10","4","2",1,1,111692,".","15.00","15.00","5.00","5.05","8.0","0.47","1","2","6.50","16.50","1.37","1.16","1.16","4","2"
"166",403,3,1,1,0,0,1,0,0,0,2,"13.00","31.00",".","5.05","26.0","0.15",0,"10.0",2,6,18,"1.09","1.12","1.06","5","4",1,1,111892,"3","11.00","23.00","3.00","5.05","13.0",".","1","2","7.00","16.00","1.11","1.06","1.05","4","4"
"167",406,4,1,1,0,0,1,0,0,0,0,"12.00","35.00","4.00","5.00",".","0.32",0,"0.0",1,10.5,11.5,"1.02",".","2.14","2","2",1,1,111392,".","17.00","22.00","4.00","5.50","13.0",".",".","1","10.50","12.50","0.84","0.94","1.99","2","2"
"168",407,4,1,1,0,0,1,0,0,0,2,"5.00","10.00","2.00","5.75","26.0","0.15",1,"0.0",2,11,10.5,"1.17","1.17","1.38","1","1",1,1,111392,".","8.00","7.00","3.00","5.50","26.0","0.15","0","2","11.00","10.50","1.05","1.16","2.32","1","1"
"169",409,1,0,1,0,0,1,0,0,0,0,"3.00","60.00","2.00","5.00","39.0",".",0,"0.0",1,7,15,"1.19","0.87","0.95","3","3",1,1,111792,"2","0.00","15.00","3.00","5.05",".",".","0","1","7.00","15.00","1.09","1.04","1.01","3","3"
"170",1,1,0,1,0,1,0,0,0,0,0,"16.00","30.00","4.00","4.50",".","0.25",0,"80.0",3,7,16,"0.93","0.83","0.85","4","3",1,1,110592,".","20.00","40.00","4.00","5.05",".",".","0","2","7.00","16.00","1.05","0.79","0.90","4","3"
"171",2,1,0,1,0,1,0,0,0,0,0,"10.00","6.00","3.00","4.75","26.0","0.50",1,"80.0",1,7,14,"1.06","0.91","0.96","2","2",1,1,110592,".","7.50","10.00","3.00","5.25","19.0","0.38","1","1","7.00","15.00","1.05","1.01","0.94","2","2"
"172",3,2,0,1,0,1,0,0,0,0,3,"6.00","13.00","3.00","4.25","13.0","0.25",1,"50.0",2,11,10,"1.06","0.95","3.09","5","3",1,1,111792,"2","4.00","7.00","3.00","5.05","26.0","0.25","0","1","11.00","11.00","1.05","0.94","2.75","5","3"
"173",4,3,0,1,0,1,0,0,0,0,0,"10.00","12.00","3.00","4.75","4.0","0.25",0,"50.0",2,9,12.5,"1.06","1.00","2.13","8","4",1,1,110592,".","5.00","30.00","4.00","5.05","26.0","0.28","0","2","8.00","13.50","1.22","1.37","0.89","6","4"
"174",5,3,0,1,0,1,0,0,0,0,0,"5.00","30.00","4.00","4.50","13.0","0.17",0,".",1,6,17,"0.95",".","2.13","5","4",1,1,111892,"2","10.00","30.00","4.00","5.15","4.0","0.18","0","2","6.00","17.00","1.05","0.94","0.94","5","5"
"175",8,4,0,1,0,1,0,0,0,0,0,".","25.00","4.00","4.80",".","0.15",0,".",1,10.5,12,"1.02","0.91","2.28","2","1",1,1,110592,".","15.00","25.00","3.00","5.05","26.0","0.33","0","2","10.00","13.00","1.01","1.01","0.94","2","2"
"176",9,1,0,1,0,1,0,0,0,0,2,"12.00","40.00","4.00","4.37","26.0","0.15",0,"35.0",2,7,16,"1.04","0.67","0.85","4","4",1,1,110592,".","0.00","32.00","4.00","5.05","26.0","0.13","0","2","7.00","16.00","1.11","0.92","1.01","4","3"
"177",10,1,0,1,0,1,0,0,0,0,0,"15.00","20.00","4.00","4.25","39.0","0.17",0,"80.0",2,7,16,"1.04","0.85","0.85","3","3",1,1,110592,".","15.00","15.00","4.00","5.05","4.0","0.28","0","2","7.00","16.00","0.94","0.87","0.94","3","2"
"178",11,1,0,1,0,1,0,0,0,0,2,"10.00","30.00","4.00","4.25","26.0","0.10",0,"80.0",2,7,16,"1.09","0.89","0.91","3","3",1,1,111792,"1","12.00","24.00","3.00","5.05",".",".","0","2","7.00","16.00","1.05","0.87","0.94","3","2"
"179",12,1,0,1,0,1,0,0,0,0,0,"6.50","23.50","3.00","4.37","9.0","0.10",0,"100.0",2,7,16,"1.05","0.79","0.91","3","3",1,1,111892,"3","15.00","15.00","4.00","5.05","26.0","0.25","0","3","7.00","16.00","1.01","0.92","0.94","3","2"
"180",13,2,0,1,0,1,0,0,0,0,0,"0.00","25.00","3.00","4.50","7.0","0.25",0,"100.0",2,11,10,"1.06","0.95","2.66","5","4",1,1,111792,"1","2.00","11.00","3.00","5.00","13.0","0.25","0","1","11.00","11.00","1.01","0.94","2.75","4","3"
"181",15,3,0,1,0,1,0,0,0,0,3,"3.00","25.00","4.00","4.60","9.0","0.15",1,"95.0",2,6,17,"1.02","0.98","0.95","5","4",2,1,121092,"5","5.00","20.00","3.00","5.05",".","0.25","0","2","6.00","17.00","1.05","1.01","2.00","3","3"
"182",16,3,0,1,0,1,0,0,0,0,0,"6.00","22.00","4.00","4.50","13.0","0.25",0,"50.0",2,6,17,"1.00","1.00",".","5","5",1,1,110592,".","7.00","17.00","3.00","5.05","19.0","0.25","0","2","6.00","17.00","1.05","1.01","0.94","5","5"
"183",17,3,0,1,0,1,0,0,0,0,0,"0.00","20.00","4.00","4.37","13.0","0.25",0,"60.0",2,6,17,"1.06","1.00","2.02","6","5",1,1,111692,"1","4.00","35.00","4.00","5.05","13.0","0.20","0","2","6.00","17.00","1.05","0.94","0.95","6","5"
"184",18,3,0,1,0,1,0,0,0,0,2,"15.00","25.00","3.00","4.25","13.0",".",0,"50.0",2,6,17,".",".",".","4","4",1,1,110592,".","8.00","38.00","5.00","5.05",".","0.25","1","2","6.00","17.00","1.05","1.00","0.63","7","7"
"185",19,1,0,1,1,0,0,0,0,0,3,"4.00","31.00","4.00","4.25","4.0","0.25",0,"50.0",2,6,16,"1.05","0.91","0.93","3","3",1,1,110592,".","6.00","44.00","5.00","5.05","52.0","0.30","0","2","6.00","16.00","1.04","0.93","0.95","2","2"
"186",21,2,0,1,1,0,0,0,0,0,0,"5.00","12.00","3.00","4.45","6.0","0.10",0,"90.0",2,10.5,10.5,"1.06","0.80","2.13","3","3",1,1,111492,"1","0.00","11.00","2.00","5.05",".",".","0","2","11.00","10.00","0.94","0.94","2.43","3","3"
"187",22,3,0,1,1,0,0,0,0,0,2,"3.00","15.00","4.00","4.35","26.0","0.12",0,"90.0",2,7,16,"1.06","0.84","0.95","4","1",1,1,110592,".","3.00","15.00","2.00","5.05","19.0","0.13","0","2","7.00","15.00","1.05","1.05","0.94","4","4"
"188",23,1,0,1,0,0,1,0,0,0,2,"0.00","25.00","3.00","4.50","26.0","0.12",0,"75.0",2,7,16,"1.06","0.95","0.95","3","2",1,1,111792,"1","14.00","14.00","3.00","5.05",".",".","0","1","6.50","16.50","1.05","0.94","0.94","3","2"
"189",24,1,0,1,0,1,0,0,0,0,2,"15.00","15.00","4.00","4.75","13.0","0.25",1,"40.0",2,7,16,"1.06","0.95","1.01","4","3",2,1,122192,"3","15.00","20.00","4.00","5.05","52.0","0.15","0","2",".",".","1.05","0.94","1.00","4","3"
"190",28,2,0,1,0,0,1,0,0,0,6,"0.00","14.00","1.00","4.50",".","0.25",0,"10.0",2,11,10,"1.06","1.17","2.56","2","1",1,1,111892,"3","6.00","2.00","3.00",".",".",".","0","1","11.00","10.00",".","1.05","2.64","3","2"
"191",29,2,0,1,0,0,1,0,0,0,3,"0.00","7.00","2.00","4.50","4.0","0.25",0,".",2,11,11,"1.06","1.01","2.56","3","2",1,1,111292,".","0.00","13.00","3.00","5.05","26.0","0.25","0","1","11.00","11.00","1.05","1.05","2.64","3","3"
"192",32,3,0,1,0,0,1,0,0,0,0,"10.00","20.50","3.00","4.50","26.0","0.25",0,"40.0",2,10.5,11.5,"1.12","1.02","1.06","4","3",1,1,111792,"1","2.00","25.00","3.00","5.05","26.0","0.23","0","2","10.50","11.50","1.22","1.11","2.28","4","4"
"193",34,3,1,1,0,0,1,0,0,0,0,"5.00","15.00","3.00","4.95","26.0",".",0,"75.0",2,10.5,11.5,"1.12","1.02","1.06","5","3",1,1,111392,".","11.00","7.00","3.00","5.05","26.0","0.50","0","2","10.50","11.50","1.22","1.11","0.73","5","2"
"194",35,4,0,1,0,0,1,0,0,0,2,"25.00","6.50","4.00","4.50","9.0","0.25",1,".",2,10.5,11.5,"0.96","0.95","2.13","2","2",1,1,111992,"6","13.00","18.00","3.00","5.05","13.0","0.25","0","2","10.50","11.50","1.03",".",".","2","2"
"195",38,1,0,1,0,1,0,0,0,0,0,"15.00","20.00","5.00","4.25","17.0","0.15",0,"100.0",2,6,17,"1.05","0.95","0.98","3","2",1,1,111092,".","10.00","20.00","6.00","5.05",".","0.25","0","3","6.50","17.50","0.98","0.82","0.76","3","2"
"196",63,1,1,1,0,0,1,0,0,0,1,"26.00","6.00",".","4.25","26.0",".",0,"75.0",2,6,18,"1.10","0.97","1.17","4","3",1,1,111792,"1","15.00","10.00","4.00","5.05","26.0","0.10","0","2","7.00","18.00","1.11","1.01","1.09","4","3"
"197",64,1,0,1,0,0,1,0,0,0,1,"20.00","15.00","3.00","4.50","26.0","0.20",0,"60.0",3,7,16,"1.06","0.95","0.95","3","2",1,1,111092,".","13.00","13.00","3.00","5.05","26.0","0.25","0","2","7.00","16.00","1.05","0.95","0.95","3","3"
"198",65,1,0,1,0,0,1,0,0,0,5,"0.00","20.00","4.00","4.80","52.0","0.25",0,"90.0",2,6.5,15.5,"1.06","0.85","1.11","3","3",2,2,121592,"3",".",".","3.00","5.05",".",".",".",".",".",".",".",".",".",".","."
"199",66,1,0,1,0,0,1,0,0,0,0,"15.00","18.00","3.00","4.25","26.0","0.15",0,"20.0",2,7,17,"1.06","0.95","0.95","3","2",1,1,111092,".","26.00","10.00","4.00","5.05","26.0","0.25","1","1","7.00","17.00","1.05","0.95","0.95","3","3"
"200",67,1,0,1,0,0,1,0,0,0,0,"5.00","15.00","6.00","4.50","13.0","0.25",0,"55.0",1,8,13.5,"1.17","1.06","1.17","3","2",1,1,111092,".","4.00","17.50","5.00","5.05",".",".","0","1","8.00","13.50","1.32","1.05","1.22","3","3"
"201",68,1,0,1,0,0,1,0,0,0,1,"30.00","10.00","3.00","4.25","14.0","0.05",0,".",3,7,17,"1.07","1.02","1.02","3","3",1,1,111092,".","13.00","17.00","3.00","5.05","13.0","0.28","0","3","7.00","17.00","1.05","0.95","0.95","3","1"
"202",69,1,0,1,0,0,1,0,0,0,0,"0.00","27.00","3.00","4.25","13.0","0.22",0,"100.0",2,7,18,"1.17","0.95","0.95","4","2",1,1,111792,".","0.00","27.00","3.00","5.05","13.0","0.20","0","2","7.00","18.00","1.26","1.01","1.00","4","2"
"203",70,1,0,1,0,0,1,0,0,0,0,"35.00","20.00","5.00","4.50","13.0","0.27",0,"50.0",1,7,16,"1.06","0.95","1.02","3","3",1,1,111092,".","10.00","30.00","5.00","5.05","4.0","0.23",".","1","7.00","16.00","1.05","0.95","1.01","3","3"
"204",71,1,0,1,0,0,1,0,0,0,1,"0.00","35.00","3.00","4.75","13.0","0.25",0,"100.0",3,7,17,"1.06","0.95","0.95","3","2",1,1,111692,".","29.00","14.00","3.00","5.05","26.0","0.18","1","3","7.00","17.00","1.05","0.95","0.95","3","2"
"205",73,2,0,1,0,0,1,0,0,0,1,"0.00","7.00","3.00","4.25",".","0.75",0,"40.0",3,11,12,"1.06","1.06","2.45","3","2",1,1,111792,"2","14.00","0.00","3.00","5.05","4.0","0.05","0","2","11.00","11.00","1.05","1.05","2.43","3","."
"206",75,2,0,1,0,0,1,0,0,0,0,"3.00","15.00","3.00","4.25","4.0","0.25",0,"0.0",2,11,11,"1.17","1.27","2.77","3","3",1,1,111292,".","4.00","11.00","3.00","5.05","6.0","0.25","1","2","11.00","11.00","1.16","1.16","2.75","3","3"
"207",76,3,1,1,0,0,1,0,0,0,0,"8.00","32.00","4.00","4.25","26.0","0.20",0,"50.0",2,6,17,"1.12","1.02","1.02","6","3",1,1,111392,".","25.00","15.00","6.00","5.05","13.0","0.15","1","2","6.50","16.50","1.11","1.06","1.05","6","3"
"208",79,3,1,1,0,0,1,0,0,0,4,"6.00","25.00","3.00","4.50","26.0","0.15",0,"30.0",2,6,17,"1.17","1.02","1.06","5","4",1,1,111392,".","8.00","18.00","3.00","5.05","41.0","0.13","0","2","7.00","16.00","1.11","1.06","1.05","5","4"
"209",80,4,0,1,0,0,1,0,0,0,1,"4.50","20.00",".","4.25","26.0","0.25",0,"90.0",2,10.5,11.5,"1.06","0.98","1.06","2","2",1,1,111492,"2","11.00","14.00","3.00","5.05","13.0","0.10","0","2","10.50","12.50","1.12","0.98","0.99","2","1"
"210",84,1,0,1,0,1,0,0,0,0,3,"4.00","30.00","5.00","4.50","26.0","0.15",0,"50.0",2,7,16,"1.04","0.85","0.91","4","2",1,1,111692,".","12.00","30.00","5.00","5.05","52.0","0.20","0","2","7.00","16.00","1.05","0.90","0.94","3","3"
"211",86,1,0,1,0,1,0,0,0,0,1,"11.00","11.00","4.00","4.25","13.0","0.25",0,".",3,7,15,"1.06","0.94","1.10","3","3",1,1,111092,".","9.00","12.00","4.00","5.05","4.0","0.13","0","3","7.00","15.00","1.05","1.05","1.04","3","3"
"212",87,1,0,1,0,1,0,0,0,1,0,"0.00","15.00",".","4.50","26.0",".",0,".",2,7,15,"1.06","0.86","1.02","3","3",1,1,111092,".","0.00","30.00","5.00","5.05","41.0","0.18","0","3","7.00","15.00","1.00","0.99","1.04","3","3"
"213",88,1,0,1,1,0,0,0,0,0,0,"3.00","35.00","3.00","4.25",".",".",1,"75.0",3,7,15,"1.06","0.87","0.91","5","5",2,1,121892,"2","4.00","37.00","4.00","5.05","42.0","0.18","0","2","7.00","15.00","1.05","0.87","0.94","5","2"
"214",91,1,1,1,0,1,0,0,0,1,2,"8.00","22.00","4.00","4.25","8.0","0.15",0,"100.0",2,7,17,"1.09","0.93","1.04","3","3",1,1,111792,"1","0.00","30.00","4.00","5.05","26.0","0.18","0","1","7.00","17.00","1.11","1.05","1.05","3","3"
"215",92,1,1,1,0,1,0,0,0,1,0,"4.00","18.00","4.00","4.25","13.0","0.75",0,"100.0",2,7,15,"1.09","0.95","1.03","3","3",1,1,111092,".","14.00","6.00","3.00","5.05",".","0.25","0","2","7.00","15.00","1.11","1.01","1.05","3","3"
"216",93,1,1,1,0,0,1,0,0,0,0,"2.50","30.00","3.00","4.25","52.0","0.15",0,"90.0",2,7,16,".",".","0.96",".",".",1,1,111092,".","5.00","25.00","5.00","5.05","13.0","0.15","0","2","7.00","16.00","1.11","1.05","1.05","4","3"
"217",95,2,0,1,0,1,0,0,0,0,1,"18.00","3.00","4.00","4.25","26.0","0.27",0,"40.0",1,11,10,"1.06","0.80","2.56","4","3",1,1,111292,".","0.00","14.00","3.00","5.05","13.0","0.25","0","1","11.00","10.00","1.05","0.75","2.53","3","3"
"218",96,2,0,1,0,0,1,0,0,0,2,"0.00","15.00","2.00","4.25","26.0","0.12",0,"80.0",2,11.5,10,"1.06","1.01","2.66","3","2",1,1,111892,"3","0.00","15.00","5.00","5.05","26.0","0.15","0","2","11.50","10.50","1.05","0.94","2.59","4","0"
"219",97,2,0,1,0,1,0,0,0,0,2,"0.00","12.00","4.00","4.25","13.0","0.25",1,"58.0",2,11,10,"1.02","0.75","2.56","3","2",1,1,111292,".","2.50","11.00","3.00","5.05","13.0","0.30","0","2","11.00","10.00","1.05","0.80","2.54","3","2"
"220",98,2,0,1,0,1,0,0,0,1,0,"0.00","20.00","4.00","4.25","13.0","0.40",0,"80.0",3,11,10,"1.06","0.80","2.56","3","3",1,1,111292,".","3.00","13.00","3.00","5.05","13.0","0.45","0","1","11.00","10.00","1.05","0.90","2.53","3","3"
"221",99,3,1,1,0,1,0,0,0,1,0,"60.00","40.00","5.00","4.75","26.0","0.15",0,"50.0",2,0,24,"1.23",".","2.30","8","6",2,1,121892,"6","30.00","50.00","4.00","5.05","15.0","0.25","1","2","0.00","24.00","1.22","1.17","2.32","5","2"
"222",101,3,0,1,0,1,0,0,0,1,3,"4.50","15.00","3.00","4.75","26.0","0.15",0,"80.0",2,7,15,"1.20","1.18","1.06","6","4",1,1,111392,".","10.00","12.00","3.00","5.05","26.0","0.15","0","2","7.00","15.00","1.15","1.10","1.05","8","3"
"223",102,3,0,1,1,0,0,0,0,0,2,"12.00","13.00","3.00","4.40","52.0","0.20",0,"15.0",2,7,16,"1.06","0.91","1.07","6","4",1,1,111392,".","0.00","27.00","2.00","5.05","52.0","0.25","0","2","7.00","15.00","1.07","1.01","1.05","5","5"
"224",104,4,0,1,0,1,0,0,0,1,0,"40.00","20.00","3.00","4.62","4.0","0.32",1,"50.0",2,10.5,11.5,"0.95","0.84","0.94","2","2",1,1,111492,"1","11.00","10.00","3.00","5.05","26.0","0.08","1","2","10.50","12.50","1.00","0.84","0.94","2","2"
"225",105,1,0,1,0,0,1,0,0,0,2,"0.00","40.00","4.00","4.25","10.0",".",0,"50.0",2,6.5,16.5,"0.96","1.00","1.03","4","2",1,1,111092,".","0.00","45.00","4.00","5.05","13.0","0.25","0","2","6.50","16.50","1.05","0.99","1.16","4","3"
"226",106,1,0,1,0,0,1,0,0,0,0,"0.00","35.00","3.00","4.25","26.0","0.27",0,"65.0",3,7,16,"1.06","0.95","0.95","2","1",1,1,111092,".","2.00","25.00","3.00","5.05","26.0","0.20","0","0","7.00","16.00","1.05","0.95","0.95","2","2"
"227",107,1,1,1,0,0,1,0,0,0,0,"6.00","11.00","3.00","4.25","8.0","0.32",0,"40.0",1,8,14.5,"1.17","0.95","0.95","3","3",2,1,123092,"9","13.50","10.00","2.00","5.05",".",".","0","1","8.00","14.00",".","1.01","1.00","4","2"
"228",108,1,0,1,0,0,1,0,0,0,2,"13.50","15.00","4.00","4.25","26.0","0.37",1,"6.0",1,7,17,"1.27","1.01","1.06","3","3",1,1,111692,".","11.00","24.00","5.00","5.05","26.0","0.15","0","1","7.00","17.00","1.37","1.02","1.05","3","3"
"229",111,3,0,1,0,0,1,0,0,0,0,"17.00","14.00","3.00","4.25","2.0","0.42",0,"55.0",3,7,16,"1.17","1.06","1.01","5","5",1,1,111892,"1","20.00","14.50","3.00","5.05","26.0",".","0","2","7.00","16.00","1.16","1.16","1.00","5","4"
"230",114,1,0,1,0,1,0,0,0,0,2,"0.00","35.00","5.00","4.75","26.0","0.57",1,"50.0",2,7,16,"1.07","0.95","0.95","3",".",1,1,111792,"1","20.00","40.00","4.00","5.25","26.0","0.25","0","2","6.50","16.50","1.11","0.94","0.94","3","3"
"231",115,1,0,1,0,1,0,0,0,0,0,"20.00","25.00","4.00","4.75","4.0","0.30",0,"25.0",1,7,17,"1.06","0.95","1.06","4","3",1,1,111092,".","6.00","15.00","4.00","5.05",".",".",".","1","7.00","17.00","1.05","0.95","1.01","4","4"
"232",116,1,0,1,0,1,0,0,0,0,0,"4.00","22.50","2.00","4.25","18.0","0.37",0,"90.0",2,8.5,13,"1.49","1.02","1.11","7","3",1,1,111092,".","22.00","12.00","3.00","5.05","13.0","0.45","1","2","8.50","13.00","1.39","0.95","1.21","8","2"
"233",118,1,0,1,0,0,1,0,0,0,3,"10.00","15.00","4.00","4.25","26.0","0.15",0,"70.0",2,7,15,"1.06","0.95","1.01","4","2",1,1,111692,".","18.00","20.00","3.00","5.05","26.0","0.38","0","2","7.00","15.00","1.05","0.94","1.00","4","2"
"234",119,1,0,1,0,0,1,0,0,0,2,"12.00","19.00","3.00","4.75","13.0","0.27",1,"50.0",3,6.5,16.5,"1.06","0.91","0.95","3","3",1,1,111692,"1","18.00","13.00","4.00","5.05","26.0",".","0","3","6.50","17.50","1.05","0.89","0.95","3","3"
"235",120,1,1,1,0,1,0,0,0,0,3,"0.00","32.00","3.00","4.50",".",".",0,".",2,7,16,"1.13","0.98","1.04","3","2",1,1,111992,"3","0.00","30.00","4.00","5.05",".",".","0","2","7.00","16.00","1.05","1.05","1.05","3","2"
"236",122,1,0,1,0,0,1,0,0,0,0,"1.00","38.00","5.00","4.25","4.0","0.20",0,"70.0",1,9,12.5,".","1.12","1.12","5","3",1,1,111092,".","10.00","50.00","6.00","5.05","26.0","0.10","0","1","9.00","12.50","1.15","0.94","1.15","6","4"
"237",124,1,0,1,0,1,0,0,0,0,1,"8.00","10.00","3.00","4.25","13.0","0.25",0,"14.0",2,8,15,"1.06","0.91","1.04","2","2",1,1,111092,".","21.00","6.00","4.00","5.05","13.0","0.50","1","3","7.00","15.00","1.16","0.94","1.12","2","2"
"238",125,2,0,1,0,1,0,0,0,0,0,"15.00","0.00","4.00","4.50","26.0","0.25",0,"100.0",1,10,12.5,"0.91","0.85","2.34","3","2",1,1,111492,".","0.00","15.00","2.00","5.05","52.0","0.40","0","1","10.00","12.00","1.01","1.01","2.49","4","3"
"239",130,3,1,1,0,1,0,0,0,0,2,"7.00","25.50","3.00","4.50","19.0","0.30",0,"15.0",2,5,18,"1.12","1.07","1.00","4","3",2,1,122192,"6","2.00","38.00","4.00","5.05","4.0","0.15","0","2","7.00","16.00","1.11","1.06","1.05","5","3"
"240",132,3,1,1,0,1,0,0,0,0,0,"20.00","20.00","5.00","4.50","26.0","0.25",0,"80.0",2,0,24,"1.28","1.06","2.30","5","3",1,1,111692,".","15.00","20.00","3.00","5.50","52.0","0.25","0","2","7.00","14.00",".",".",".","2","2"
"241",133,3,1,1,0,1,0,0,0,0,0,"6.00","16.00","2.00","4.75","26.0",".",0,"99.0",2,6,17,"1.12","1.07","1.06","4","3",1,1,111392,".","3.00","20.00","3.00","5.05","26.0",".","0","2","7.00","15.00","1.11","1.06","2.11","5","3"
"242",134,3,0,1,0,1,0,0,0,0,2,"5.50","25.00","3.00","4.62",".",".",0,"42.0",2,6,16,"1.09",".","0.95","4","3",1,1,111392,".","6.00","27.50","3.00","5.05","52.0","0.25","0","2","6.00","16.00","1.11","1.06","0.94","4","3"
"243",136,3,1,1,0,1,0,0,0,0,2,"14.50","14.50","5.00","4.25","21.0","0.27",0,"5.0",2,6,17,"1.12","1.07","1.10","5","4",2,0,121692,"3",".",".",".",".",".",".",".",".","7.00","16.00",".",".",".",".","."
"244",137,3,1,1,0,0,1,0,0,0,3,"15.00","25.00","3.00","4.25","26.0","0.15",0,"50.0",2,6,16,"1.12","1.06","1.02","6","4",1,1,111692,"1","12.00","30.00","5.00","5.05","26.0","0.25","0","2","7.00","15.00","1.11","1.11","1.05","5","3"
"245",140,4,0,1,0,1,0,0,0,0,0,"0.00","40.00","3.00","4.50","26.0","0.37",1,"25.0",2,10.5,11.5,"0.91","0.86","1.06","2","2",1,1,111492,".","5.00","35.00","5.00","5.67","4.0","0.25","1","2","10.50","11.50","1.00","0.94","1.05","2","2"
"246",141,4,0,1,0,1,0,0,0,0,0,"10.00","15.00","4.00","4.75","13.0","0.27",1,".",2,10.5,12.5,"1.02","0.91","1.06","2","2",1,1,111892,"2","10.00","25.00","3.00","5.05","13.0","0.18","1","2","10.50","12.50","1.05","0.84","1.34","2","2"
"247",142,4,0,1,0,0,1,0,0,0,0,"15.00","35.00","4.00","4.25","26.0","0.15",1,".",2,10,11.5,"1.06","0.95","1.06","2","2",1,1,111492,".","40.00","31.00","5.00","5.05","26.0","0.18","0","2","10.00","11.50","1.01","0.89","1.26","2","2"
"248",146,1,0,1,0,0,1,0,0,0,3,"8.00","20.00","5.00","4.80","26.0","0.25",1,".",2,7,16,"1.06","1.00","1.06","4","3",1,1,111092,".","0.00","32.00","4.50","5.05","26.0","0.17","0","2","7.00","16.00","1.05","0.99","1.05","4","3"
"249",149,1,0,1,0,0,1,0,0,0,1,"0.00","20.00","4.00","4.50","26.0","0.27",0,"50.0",3,7,16,"1.06","0.95","0.95","2","1",1,1,111092,".","8.00","10.00","3.00","5.05","26.0","0.25","0","2","7.00","16.00","1.05","0.94","0.94","2","2"
"250",150,1,0,1,0,0,1,0,0,0,2,"0.00","27.50","3.50","4.67","26.0","0.27",1,"2.0",2,7,16,"1.23","0.89","0.89","3","3",2,1,123192,"8","12.00","20.00","3.00","5.75","28.0","0.58","0","2","7.00","15.00","1.11","0.88","0.88","3","2"
"251",156,1,0,1,0,0,1,0,0,0,0,"8.00","15.00","3.00","4.87","6.0","0.25",0,"0.0",1,7,15,"1.06","0.95","1.02","8","3",1,1,111092,".","2.00","18.00","2.00","5.05",".","0.30","0","2","7.00","15.00","0.95","0.94","1.01","3","."
"252",158,2,0,1,0,0,1,0,0,0,1,"2.00","7.00","3.00","4.50","4.0","0.12",0,"55.0",1,11,10,"0.92","0.70","2.34","3","3",1,1,111192,".","3.00","4.00","4.00","5.05","13.0","0.25","0","1","11.00","11.50","0.95","0.94","2.49","3","2"
"253",159,2,0,1,0,0,1,0,0,0,8,"6.00","12.00","2.00","4.50","4.0","0.12",0,"22.0",1,10.5,10.5,"0.98","0.85","2.34","3","3",1,1,111492,".","10.00","5.00","4.00","5.25","13.0","0.25","0","1","10.50","11.50","0.95","0.84","2.49","4","3"
"254",162,3,1,1,0,0,1,0,0,0,2,"0.00","40.00","3.00","4.75","26.0","0.17",0,"45.0",2,6,16.5,"1.12","1.02","1.06",".","1",1,1,111292,".","3.00","30.00","3.00","5.05","26.0","0.18","0","2","7.00","15.50","1.11","1.01","1.05","6","5"
"255",166,4,0,1,0,0,1,0,0,0,0,"8.00","32.00","5.00","4.75","26.0","0.25",1,"40.0",2,10.5,11.5,"0.95","0.85","1.06","2","2",1,1,111392,"1","0.00","35.00","4.00","5.05","26.0","0.18","0","2","10.50","12.50","1.11","0.84","1.26","2","2"
"256",168,1,0,1,0,0,1,0,0,0,0,"5.00","20.00","4.00","4.25","4.0","0.25",1,"50.0",1,7,15,"1.06","0.95","0.95","3","3",1,1,111692,".","0.00","32.00","4.00","5.25","10.0","0.18","0","1","6.00","16.00","1.11","0.95","1.14","3","1"
"257",171,1,1,1,0,0,1,0,0,1,0,"2.00","32.00","3.00","4.25","8.0","0.25",0,".",2,7,16,"1.09","0.95","1.04","3","3",1,1,111092,".","10.00","12.50","5.00","5.05","4.0","0.10","1","2","7.00","16.00","1.18","1.04","1.03","3","3"
"258",172,1,0,1,0,0,1,0,0,0,0,"0.00","24.00","5.00","4.75","13.0","0.25",0,"0.3",1,9,12.5,"1.12","1.02","1.06","5","4",1,1,111692,"2","7.00","23.00","3.00","5.05","8.0","0.18","0","1","9.00","13.00","1.11","1.01","1.05","6","3"
"259",173,1,0,1,0,0,1,0,0,0,3,"6.00","40.00","10.00","4.85","26.0","0.15",0,"50.0",2,6.5,17.5,"1.06","0.95","0.98","4","3",1,1,111792,"1","11.00","30.00","5.00","5.05","26.0","0.15","0","2","6.00","18.00","1.05","0.94","1.04","4","3"
"260",174,1,0,1,0,0,1,0,0,1,2,"11.00","20.00","4.00","4.75","26.0","0.15",0,"50.0",2,7,16,"1.18","0.88","0.98","4","3",1,1,111092,".","20.00","20.00","3.00","5.05","4.0","0.20","0","2","7.00","16.00","1.05","0.90","0.98","3","3"
"261",176,1,0,1,0,0,1,0,0,0,0,"15.00","21.00","4.00","4.62","13.0","0.12",0,"20.0",1,7,16,"1.06",".","1.05","4","4",1,1,111792,"1","20.00","27.50","4.00","5.05",".",".","0","2","7.00","16.00","1.04","1.06",".",".","."
"262",178,2,1,1,0,0,1,0,0,1,0,"13.00","12.00","3.00","4.25","52.0","0.20",1,"96.0",1,11,10,"0.91","0.85","2.34","3","2",1,1,111191,".","1.00","10.00","3.00","5.05","26.0","0.25","1","1","11.00","10.50","1.01","0.94","2.64","3","2"
"263",179,2,0,1,0,0,1,0,0,0,2,"2.00","12.00","3.00","4.25","13.0","0.25",1,"90.0",1,10.5,10.5,"0.91","0.91","2.34","3","3",1,1,111892,"3","2.00","10.00","4.00","5.05","26.0","0.20","0","1","10.50","11.00","0.94","0.84","2.49","3","3"
"264",180,2,0,1,0,0,1,0,0,1,0,"8.00","3.00","4.00","4.50","26.0","0.25",0,"30.0",2,11,11,"1.06","1.01","2.66","4","2",1,1,111192,".","0.00","17.50","4.00","5.05",".",".","0","2","11.00","12.00","1.05","1.05","2.85","4","4"
"265",182,2,0,1,1,0,0,0,0,1,0,"3.00","15.00","3.00","4.50","4.0","0.25",1,"100.0",2,11,11,"1.06","1.01","2.66","4","3",1,1,111192,".","0.00","15.00","3.00","5.05","26.0","0.25","0","2","11.50","10.00","1.05","1.00","2.73","4","3"
"266",183,2,0,1,0,0,1,0,0,0,0,"12.00","4.00","4.00","4.62","20.0","0.33",0,"100.0",3,11,11,"1.06","1.01","2.66","4","3",1,1,111892,"4","15.00","10.00","2.00","5.05","13.0","0.25","0","2","11.00","10.50","1.05","1.00","2.75","4","3"
"267",185,2,0,1,0,1,0,0,0,1,0,"2.00","9.00","3.00","4.50","13.0","0.20",0,"100.0",2,11,10.5,"1.06","1.01","2.66","4","4",1,1,111192,".","2.00","6.00","3.00","5.05","26.0","0.25","1","1","11.00","10.50","1.05","1.00","2.75","3","3"
"268",186,3,0,1,0,0,1,0,0,0,3,"10.00","20.00","4.00","4.75","26.0","0.15",1,"50.0",2,6,16,"1.12","1.02","0.95","5","3",1,1,111892,"3","12.00","18.00","4.00","5.05","26.0",".","0","2","6.00","16.00","1.17","1.06","0.95","5","3"
"269",189,3,0,1,0,0,1,0,0,0,0,"4.00","15.00","3.00","4.75","39.0","0.20",0,"95.0",2,7,15,"1.12","1.07","1.12","4","2",1,1,111292,".","0.00","19.00","3.00","5.05","52.0","0.20","0","2","7.00","15.00","1.11","1.06","1.05","5","3"
"270",192,4,0,1,0,0,1,0,0,0,2,"20.00","10.00","4.00","4.87","26.0","0.17",1,"10.0",2,10,12,"0.91","0.85","1.06","2","2",1,1,111392,".","4.50","30.00","3.00","5.25","19.0","0.18","0","2","10.50","12.50","1.05","0.84","1.26","2","2"
"271",193,4,0,1,0,0,1,0,0,1,3,"1.00","13.00","3.00","4.50","13.0","0.12",1,".",2,10,11,"0.95","0.85","0.99","2","1",1,1,111792,"2","4.00","9.00","3.00","5.05","26.0","0.13","1","2","9.00","13.00","1.01","0.90","1.26","2","1"
"272",195,4,0,1,0,0,1,0,0,1,3,"0.00","30.00","3.00","4.25","26.0",".",1,"100.0",2,10.5,11.5,"1.06","0.85","1.06","2","2",1,1,111892,"2","8.00","25.00","3.00","5.05","26.0","0.15","0","2","10.50","12.50","0.94","0.84","2.11","2","2"
"273",198,1,0,1,0,0,1,0,0,0,0,".",".","4.00","4.25","4.0","0.12",1,"65.0",3,7,16,"1.06","0.95","0.95","3","3",1,1,111792,"8","10.00","32.00","4.00","5.05","26.0","0.15","0","2","7.00","16.00","1.05","0.94","0.94","3","3"
"274",199,2,0,1,0,0,1,0,0,0,0,"0.00","12.00","3.00","4.35",".","0.12",0,"25.0",1,11,10,"0.85","0.80","2.34","4","3",1,1,111192,".","11.00","3.00","4.00","5.05","2.0","0.45",".","1","11.00","10.50","0.91","0.90","2.45","4","3"
"275",200,1,0,1,0,0,1,0,0,0,0,"0.00","60.00","3.00","4.25","9.0","0.20",1,"15.0",2,6,18,"1.06","0.91","0.98","4","3",1,1,111092,".","5.00","40.00","4.00","5.05","52.0","0.25","0","2","6.50","17.50","1.05","0.94","0.98","5","4"
"276",201,1,0,1,0,0,1,0,0,0,0,"0.00","33.00","3.00","4.50","26.0","0.35",0,"65.0",2,7,17,"1.06","1.02","0.95","3","3",1,1,111092,".","16.00","22.00","3.00","5.05","26.0","0.28","1","1","7.00","17.00","1.05","0.95","0.95","3","3"
"277",202,1,0,1,0,0,1,0,0,0,2,"30.00","14.00","4.00","4.25","4.0","0.37",1,"15.0",2,6,19,"1.17","0.95","0.63","3","3",1,1,111692,".","13.00","11.00","4.00","5.05","4.0","0.08","0","3","6.00","19.00","1.15","0.95","0.64","3","3"
"278",203,1,0,1,0,0,1,0,0,0,2,"9.00","12.00","2.00","4.25","26.0","0.15",0,"50.0",2,7,17,"1.06","0.95","0.95","3","3",1,1,111092,".","4.00","34.00","3.00","5.05","26.0","0.18","0","0","7.00","17.00","1.05","0.95","0.95","3","2"
"279",204,1,0,1,0,0,1,0,0,0,0,"10.00","8.50","4.00","4.25","13.0","0.27",0,"31.0",2,6.5,17.5,"1.06","1.00","1.06","3","3",1,1,111092,".","12.00","13.50","3.00","5.05","13.0","0.25","0","2","6.50","17.50","1.05","0.99","1.05","3","2"
"280",207,2,1,1,0,0,1,0,0,0,0,"8.00","10.00","4.00","4.75","8.0","0.25",0,"25.0",1,11,12,"1.06","0.85","2.34","4","2",1,1,111192,".","8.50","6.00","2.00","5.20","52.0","0.50","1","1","11.00","12.00","1.05","0.84","2.32","5","3"
"281",208,3,1,1,0,0,1,0,0,0,1,"12.00","32.00","4.00","4.62","26.0","0.15",0,"95.0",2,6,17,"1.19","0.94","0.85","4","4",1,1,111792,"2","5.00","32.00","3.00","5.05","26.0",".","0","2","8.00","14.00","1.06","1.06","1.05","5","5"
"282",209,3,1,1,0,0,1,0,0,0,0,"4.00","36.00","4.00","4.25","26.0","0.12",0,"75.0",2,6,18,"1.17","0.95","0.95","5","5",1,1,111192,".","6.00","37.00","4.00","5.05","26.0","0.20","0","2","7.00","16.00","1.11","1.06","1.05","5","5"
"283",210,4,1,1,0,0,1,0,0,0,3,"0.00","19.00","2.00","4.50","13.0","0.17",1,"90.0",2,10.5,11.5,"1.06","0.95","0.95","4","2",1,1,111392,".","0.00","14.00","3.00","5.05","13.0","0.20","0","2","10.00","11.00",".",".",".","4","."
"284",211,1,0,1,1,0,0,0,0,0,2,"3.00","28.00","4.00","4.50","13.0",".",0,"80.0",2,7,15,"1.02","0.95","0.95","3","3",1,1,111692,".","2.00","35.00","4.00","5.05","4.0",".","0","2","7.00","15.00",".","0.90",".","3","2"
"285",212,1,0,1,1,0,0,0,0,0,0,"11.00","17.50","3.00","4.50","13.0","0.17",0,"95.0",1,7,16,"1.06","0.88","0.84","3","2",1,1,111092,".","20.00","15.00","3.00","5.05","4.0","0.53","1","2","7.00","16.00","1.05","0.94","0.89","2","2"
"286",213,1,1,1,1,0,0,0,0,0,1,"4.50","20.00","4.00","4.55","4.0","0.15",0,"50.0",2,6.5,17.5,"0.96","0.93","0.93","4","3",2,1,121892,"2","12.00","17.50","4.00","5.05","19.0","0.15","1","2","6.50","17.50","1.05","0.94","0.94","4","3"
"287",214,1,0,1,1,0,0,0,0,0,0,"2.00","30.00","3.00","4.62","6.5","0.25",0,"75.0",2,7,16,"1.02","0.89","0.91","2","2",1,1,111892,"1","0.00","35.00","5.00","5.05",".",".","0","2","6.75","16.25","1.04","0.93","0.96","3","2"
"288",215,1,0,1,1,0,0,0,0,0,0,"10.00","10.00","3.00","4.50","13.0","0.20",0,"100.0",2,7,16,"1.06","0.89","0.91","3","3",1,1,111092,".","20.00","10.00","3.00","5.05","26.0","0.15","0","3","7.00","16.00","0.93","0.84","0.93","3","3"
"289",216,2,0,1,1,0,0,0,0,0,0,"2.00","11.00","3.00","4.25","13.0","0.15",0,"100.0",1,11,10.5,"1.06","0.95","2.77","4","3",1,1,111192,".","2.00","18.00","3.00","5.05","13.0","0.20","0","2","11.00","10.50","1.05","0.94","2.75","5","3"
"290",217,2,1,1,1,0,0,0,0,0,0,"2.00","13.00","2.00","4.25","13.0","0.17",0,"73.0",1,11,10,"0.95","0.74","2.19","4","3",1,1,111192,".","0.00","12.00","3.00","5.05","26.0","0.20","0","1","10.50","10.50","0.94","0.73","2.32","4","4"
"291",218,2,1,1,1,0,0,0,0,0,0,"7.00","4.00","2.00","4.35","26.0","0.25",0,"5.0",1,11,10,"0.85","0.74","2.34","3","2",1,1,111192,".","5.00","3.00","3.00","5.05","26.0","0.25","0","1","11.00","11.00","0.95","0.73","2.19","3","3"
"292",219,2,1,1,1,0,0,0,0,0,0,"3.00","9.00","3.00","4.25","19.0","0.12",0,"50.0",2,11,10,"0.91","0.74","2.34","4","3",1,1,111192,".","9.00","9.00","2.00","5.05","26.0","0.18","0","1","10.50","10.50","0.94","0.73","2.53",".","."
"293",220,2,0,1,1,0,0,0,0,0,4,"3.00","15.00","2.00","4.25","13.0","0.25",0,"50.0",2,11,10,"1.06","0.95","2.77","5","3",1,1,111492,"1","3.00","12.00","3.00","5.05","13.0","0.13","0","1","11.00","10.00","1.09","0.90","2.75","4","3"
"294",221,2,0,1,1,0,0,0,0,0,0,"1.00","28.00","3.00","4.60","13.0","0.25",0,"95.0",1,11,11,"1.02","0.95","2.56","4","3",1,1,111192,".","1.00","15.00","3.00","5.05","13.0","0.15","0","1","11.00","11.00","1.05","0.94","2.53","4","3"
"295",222,3,1,1,1,0,0,0,0,0,3,"2.00","24.00","3.00","4.25","13.0","0.25",0,"75.0",2,9,12.5,"1.12","0.85","1.06","3","1",1,1,111192,".","2.00","15.00","3.00","5.05","26.0","0.20","0","2","10.00","11.50","1.01","1.01","0.89","3","1"
"296",223,3,1,1,1,0,0,0,0,0,2,"3.00","18.00","3.00","4.75","13.0","0.25",0,"30.0",2,6,16,".",".",".","3","2",2,1,121892,"2","3.00","20.00","3.00","5.05","28.0","0.25","0","2","7.00","15.00","1.01","1.01","0.94","3","2"
"297",225,3,1,1,1,0,0,0,0,0,0,"3.00","27.00","3.00","4.75","13.0","0.20",0,"25.0",2,6,17,"1.06","0.91","0.91","6","3",1,1,111192,".","12.00","25.00","4.00","5.05","4.0","0.10","0","2","6.00","17.00","1.01","1.01","0.94","5","3"
"298",226,4,0,1,1,0,0,0,0,0,0,"0.00","22.00","2.00","4.25","13.0","0.25",0,"60.0",1,10.5,11.5,"0.95","0.71","0.95","2","2",1,1,111792,"1","0.00","26.00","2.00","5.30","52.0","0.15","0","1","10.50","10.50","1.00","0.85","0.94","2","2"
"299",228,4,0,1,1,0,0,0,0,0,0,"3.00","28.50","3.00","4.50","13.0","0.20",1,"20.0",3,10.5,12.5,"0.95","0.86","0.95","2","2",1,1,111392,".","11.00","19.00","3.00","5.05",".",".","0","1","10.50","12.50","1.00","0.84","0.89","2","."
"300",229,1,0,1,0,0,1,0,0,0,2,"3.00","40.00","3.00","4.50","26.0","0.10",0,"30.0",2,8.5,13.5,"0.95","0.95","1.06","5","4",1,1,111692,".","22.00","11.00","3.00","5.50","26.0","0.15","1","2","8.50","13.50","1.01","0.94","0.94","4","3"
"301",230,1,0,1,0,0,1,0,0,0,0,"0.00","25.00","3.00","4.25","26.0","0.10",0,"60.0",1,7,17,"1.02","0.95","0.95","3","2",1,1,111692,".","15.00","17.00","3.00","5.05","26.0","0.18","0","1","7.00","17.00","1.05","0.94","0.94","3","2"
"302",232,1,0,1,0,0,1,0,0,0,3,"18.00","6.00","3.00","4.75","26.0","0.12",1,"46.0",3,7,16,"1.06","0.95","0.95","3","3",1,1,111892,"3","18.00","10.00","4.00","5.05","13.0","0.25","0","2","7.00","15.00","1.05","0.95","0.95","3","2"
"303",233,1,0,1,0,0,1,0,0,0,0,"19.00","7.00","3.00","4.65","13.0","0.32",0,"10.0",2,7,16,"1.17","0.95","0.95","2","2",1,1,111092,".","15.00","7.00","3.00","5.05","26.0","0.25","0","2","7.00","16.00","1.05","0.94","0.94","2","2"
"304",235,1,0,1,0,0,1,0,0,0,2,"5.00","17.00","1.00","4.25","26.0","0.21",0,"100.0",2,7,16,"1.02","0.95","1.04","3","2",2,1,121592,"4",".","28.00","3.00","5.05","28.0","0.50","1","2","8.00","15.00","1.11","1.11","1.03","4","2"
"305",237,1,0,1,0,0,1,0,0,0,2,"12.00","11.00","4.00","4.25","13.0","0.25",0,"50.0",2,7,16,"1.11","0.95","1.01","2","2",1,1,110992,".","9.00","17.00","4.00","5.05","4.0","0.20","0","2","7.00","15.50","0.94","0.94","1.00","2","2"
"306",238,2,1,1,0,0,1,0,0,0,2,"0.00","22.00","3.00","4.75","9.0","0.12",0,"100.0",1,11,12,"1.06","1.02","2.34","5","3",1,1,111192,".","25.00","15.00","5.00","5.05","13.0","0.25","1","1","11.00","12.00","1.05","1.05","2.32","5","3"
"307",239,2,0,1,0,0,1,0,0,0,1,"15.00","4.00","3.00","4.25","13.0","0.25",0,"35.0",1,10.5,13.5,"1.05","0.95","2.74","5","3",1,1,111292,".","0.00","19.00","2.00","5.05","26.0","0.28","0","1","10.50","12.50","1.05","0.84","2.32","5","3"
"308",243,3,1,1,0,0,1,0,0,0,0,"7.00","25.00","3.00","4.50","8.0","0.25",0,"40.0",2,6,16.5,"1.07","1.02","0.74","6","3",1,1,111192,".","7.00","22.00","3.00","5.05","26.0","0.10","0","2","7.00","15.50","1.11","1.06","1.05","6","2"
"309",244,3,1,1,0,0,1,0,0,0,3,"12.00","30.00","3.00","4.25","4.0","0.25",0,"40.0",2,6,18,"1.17","1.12","1.02","4","3",1,1,111192,".","16.00","12.00","6.00","5.05","26.0","0.25","0","2","7.00","17.00","1.11","1.12","1.05","5","3"
"310",247,4,0,1,0,0,1,0,0,0,3,"0.00","40.00","4.00","4.50","13.0","0.10",0,"75.0",2,10.5,15.5,"1.06","1.05","1.06","2","2",2,1,121792,"7","0.00","40.00","4.00","5.05",".",".","1","2","10.50","15.50","1.11","1.09","2.07","2","2"
"311",248,4,0,1,0,0,1,0,0,0,2,"8.00","16.00","6.00","4.75","13.0","0.37",0,".",2,10,16,"1.17","0.95","0.85","2","2",1,1,111392,".","10.00","14.00","6.00","5.05","26.0","0.25","0","2","10.00","16.00","1.37","0.95","2.03","2","1"
"312",249,1,0,1,1,0,0,0,0,1,1,"6.00","6.00","4.00","4.37","4.0","0.25",0,"63.0",1,7,15,"1.13","1.06","0.95","3","2",1,1,110992,".","10.00","12.00","3.00","5.05","4.0","0.10","0","1","7.00","15.00","1.01","1.01","0.94","3","2"
"313",250,2,1,1,1,0,0,0,0,1,2,"1.00","4.00","2.00","4.50","13.0","0.30",0,"100.0",1,11,10,"0.85",".",".","4","1",1,1,111292,".","2.00","4.00","3.00","5.05","6.0","0.25","0","1","11.00","10.00","0.94","0.84","2.52","5","3"
"314",253,3,1,1,1,0,0,0,0,0,0,"7.00","7.00","3.00","4.87","52.0",".",0,".",2,7,13,"1.23","1.06","2.30","2","2",1,1,111192,".","4.00","8.00","6.00","5.05","52.0","0.23",".","2","7.00","16.00","1.23","1.11","2.28","3","2"
"315",257,1,0,1,1,0,0,0,0,1,2,"20.00","10.00","3.00","4.25","39.0","0.20",0,"10.0",2,7,16,"1.02","0.88","0.91","2","2",2,2,121492,"2",".",".",".",".",".",".",".",".",".",".",".",".",".",".","."
"316",258,1,0,1,1,0,0,0,0,0,0,"4.00","22.00","3.00","4.25","8.0","0.15",0,"38.0",2,7,16,"1.06","0.92","0.90","3","3",1,1,110992,".","20.00","18.00","3.00","5.05","13.0",".","0","2","6.00","18.00","1.08","0.94","0.84","3","3"
"317",260,1,1,1,1,0,0,0,0,0,2,"10.00","20.00","4.00","4.25","4.0","0.17",1,"100.0",2,7,16,"1.06","0.93","0.88","4","2",1,1,110992,".","4.00","26.00","5.00","5.05","8.0","0.28","0","2","7.00","16.00","1.09","0.94","0.93","3","3"
"318",262,1,0,1,1,0,0,0,0,0,0,"7.00","13.00","3.00","4.25","13.0","0.25",0,"78.0",2,6.5,16.5,"1.06","0.95","1.06","4","4",1,1,110992,".","0.00","22.50","3.00","5.05",".","0.25","0","2","6.50","17.50","1.08","1.02","0.87","3","3"
"319",264,1,0,1,1,0,0,0,0,0,5,"0.00","10.00","2.00","4.25","13.0","0.25",1,"60.0",3,7,15,"1.02","0.88","0.91","2","2",2,1,121492,"2","0.00","23.00","5.00","5.05","14.0",".","0","2","7.00","16.00","1.05","1.11","0.94","3","3"
"320",265,1,0,1,1,0,0,0,0,0,3,"0.00","20.00","1.00","4.25","26.0","0.15",0,"100.0",2,7,16,"1.02","0.88","0.94","3","3",2,3,121492,"1","0.00","0.00","0.00",".",".",".",".",".",".",".",".",".",".",".","."
"321",267,1,0,1,1,0,0,0,0,0,0,"6.50","20.00","3.00","4.25","26.0","0.22",0,"80.0",2,7,16,"0.90","0.80","0.80","3","2",1,1,110992,".","30.00","25.00","5.00","5.05","26.0","0.20","0","3","7.00","16.00","1.05","0.88","0.91","3","2"
"322",269,2,1,1,1,0,0,0,0,0,0,"2.00","10.00","3.00","4.45","13.0","0.12",0,"33.0",2,11,10,"0.95","0.69","1.50","4","3",1,1,111892,"3","10.00","3.00","4.00","5.05","26.0","0.17","0","2","11.00","11.00","0.94","0.73","2.32","4","3"
"323",273,2,1,1,1,0,0,0,0,0,0,"2.00","14.00","4.00","4.62","13.0","0.20",0,"95.0",1,11,10,"0.95","0.74","2.34","4","3",1,1,111792,"2","2.00","11.00","3.00","5.05","6.0","0.18","0","1","11.00","10.00","0.95","0.74","2.32","4","3"
"324",275,2,1,1,1,0,0,0,0,0,0,"4.00","4.00","4.00","4.25","9.0","0.25",0,"38.0",2,11,11,"0.95","0.79","2.34","4","3",1,1,111492,"2","1.00","8.00","2.00","5.05","13.0","0.39","0","1","11.00","10.50","0.94","0.73","2.32","4","2"
"325",277,2,1,1,1,0,0,0,0,0,0,"2.00","15.00","3.00","4.25","9.0","0.25",0,"10.0",3,11,10,"0.95","0.85","2.34","3","3",1,1,111492,"1","1.00","14.00","3.00","5.05",".",".","0","1","11.00","10.00","0.94","0.73","2.32","3","3"
"326",278,2,1,1,1,0,0,0,0,0,0,"3.00","4.00","3.00","4.25","3.0","0.25",0,"43.0",2,11,10,"0.95","0.74","2.19","4","3",1,1,111392,".","0.00","9.00","4.00","5.05",".",".","0","1","11.00","11.00","0.95","0.73","2.32","5","3"
"327",282,3,1,1,1,0,0,0,0,0,2,"2.00","14.00","3.00","4.25","13.0","0.13",0,"25.0",2,6,16,"1.06","0.91","0.79","4","3",2,3,121492,"1","0.00","0.00","0.00",".",".",".",".",".",".",".",".",".",".",".","."
"328",284,3,1,1,1,0,0,0,0,0,1,"5.00","23.00","4.00","4.50","13.0","0.25",1,"88.0",2,6,16,"1.02","0.91","0.91","5","4",1,1,111692,"1","6.00","12.00","3.00","5.05","26.0","0.28","0","2","6.00","16.00","1.01","1.01","0.94","4","3"
"329",285,3,1,1,1,0,0,0,0,0,1,"3.00","25.00","3.00","4.75","4.0","0.25",0,"70.0",2,6,16,"1.02","0.91","0.80","4","2",1,1,111292,".","3.00","15.00","3.00","5.05","52.0","0.13","0","2","6.00","16.00","1.01","1.01","1.01","4","2"
"330",286,3,1,1,1,0,0,0,0,0,4,"1.00","15.00","3.00","4.75","13.0","0.25",0,"66.0",2,10,11.5,"1.12",".","0.95","2","1",1,1,111692,"1","2.00","15.00","3.00","5.05","26.0","0.18","0","2","10.00","11.50","1.02","1.01","0.94","2","1"
"331",287,3,1,1,1,0,0,0,0,0,2,"3.00","18.00","3.00","4.50","13.0","0.17",0,"70.0",2,6,16,"1.06","0.91","0.95","5","3",1,1,111292,".","2.00","15.00","3.00","5.05","4.0","0.15","0","2","6.00","16.00","1.01","1.01","0.94","5","3"
"332",288,3,1,1,1,0,0,0,0,0,3,"0.00","20.00","3.00","4.75",".","0.25",0,"15.0",2,6,16,"1.02","0.95","0.95","6","4",1,1,111292,".","5.00","9.00","3.00","5.05","19.0","0.15","0","2","6.00","16.00","1.01","1.01","0.89","5","2"
"333",289,3,1,1,1,0,0,0,0,0,2,"2.00","12.00","2.00","4.25","13.0","0.20",0,"50.0",2,6,16,"1.02","0.95","0.95","5","3",1,1,111292,".","3.00","10.00","2.00","5.05","26.0","0.25","0","2","7.00","15.00","1.01","1.01","2.00","6","3"
"334",290,4,0,1,1,0,0,0,0,0,1,"8.00","12.00","3.00","4.75","26.0","0.10",0,"35.0",3,10.5,12.5,"0.95","0.89","0.95","2","2",1,1,111392,"1","0.00","23.00","2.00","5.05",".",".","0","1","10.50","11.50","1.00","0.85","0.94","2","2"
"335",291,4,0,1,1,0,0,0,0,0,0,"4.00","20.00","3.00","4.55","16.0","0.12",0,"25.0",1,10.5,11.5,"0.95","0.86","0.95","2","2",1,1,111392,".","5.00","16.00","3.00","5.10","17.0","0.10","1","2","10.50","11.50","1.00","0.85","0.94","2","2"
"336",292,4,0,1,1,0,0,0,0,1,2,"10.00","15.00","3.00","4.80","26.0","0.12",0,"2.0",1,7,16,"0.95","0.92","0.95","2","1",1,1,111392,".","15.00","11.00","3.00","5.05","52.0","0.25","1","1","7.00","16.00","1.00","0.84","2.69","2","2"
"337",295,1,0,1,0,0,1,0,0,0,3,"8.00","9.00","3.00","4.75","26.0","0.12",0,"100.0",2,6.5,16.5,"1.06","0.95","0.95","3","3",2,1,121592,"1",".","21.00","4.00","5.05","28.0","0.18","0","2","6.00","18.00","1.05","0.94","0.94","3","3"
"338",297,1,1,1,0,0,1,0,0,0,1,"9.00","15.00","3.00","4.25","13.0","0.05",0,"100.0",2,7,16,"1.06","0.91","0.98","3","3",1,1,111792,"2","15.00","30.00","4.00","5.05","26.0","0.15","0","2","7.00","16.00","1.05","0.94","0.98","3","2"
"339",303,3,1,1,0,0,1,0,0,0,0,"10.00","35.00","3.00","4.35","26.0","0.27",1,"28.0",2,6,17,"1.12","1.00","1.02","6","5",1,1,111692,".","12.00","35.00","3.00","5.05","13.0","0.15","0","2","7.00","16.00","1.05","1.05","1.05","5","3"
"340",304,3,0,1,0,0,1,0,0,0,3,"10.00","20.00","3.00","4.50","26.0","0.37",0,"50.0",2,6,17,"1.27","1.27","2.24","5","3",1,1,111292,".","10.00","15.00","4.00","5.05","26.0","0.38","1","1","0.00","24.00","1.40","1.29","1.05","5","5"
"341",305,3,1,1,0,0,1,0,0,0,2,"0.00","20.00","3.00","4.39",".",".",0,".",2,6,17,"1.27","1.27","1.06","5","4",1,1,111792,"1","5.00","22.00","4.00","5.05","2.0","0.35","0","1","6.00","18.00","1.37","1.31","1.05","5","4"
"342",307,3,1,1,0,0,1,0,0,0,0,"17.50","17.50","4.00","4.25","15.0","0.50",0,"90.0",2,6,18,"1.19","1.19","1.06","5","5",1,1,111892,"1","25.00","25.00","6.00","5.20",".",".","0","2","0.00","24.00","1.26",".","1.05","5","5"
"343",310,4,0,1,0,0,1,0,0,0,2,"0.00","28.00","4.00","4.25","13.0","0.25",1,"61.0",2,10.5,11.5,"0.91","0.91","1.94","2","1",1,1,111392,".","3.00","23.00","3.00","5.05","26.0","0.30","0","2","10.50","11.50","0.97","0.90","2.06","2","2"
"344",312,1,0,1,1,0,0,0,0,1,3,"4.00","6.00","3.00","4.25","10.0","0.22",0,"100.0",1,8,11,"1.22","1.06","0.93","3","1",1,1,110992,".","3.00","2.00","3.00","5.05","4.0","0.25","0","1","9.00","10.00","1.26","1.05","1.02","3","1"
"345",313,1,0,1,1,0,0,0,0,1,0,"11.00","9.00","4.00","4.50","4.0","0.25",0,"80.0",1,7,15,"1.06","0.93","0.94","3","2",1,1,110992,".","0.00","30.00",".","5.05","8.0","0.25","0","1","7.00","15.00","1.00","1.01","0.89","3","3"
"346",314,1,0,1,1,0,0,0,0,1,8,"8.00","12.00","3.00","4.62","4.0","0.25",0,"80.0",1,7,15,"1.06","0.95","0.91","3","2",1,1,110992,".","15.00","6.00","4.00","5.25","13.0","0.15","0","1","6.00","16.00","1.05","0.74","0.94","3","3"
"347",316,1,1,1,1,0,0,0,0,1,0,"15.00","15.00","3.00","4.62","8.0","0.25",0,"10.0",2,7,16,"1.06","0.92","0.87","3","2",1,1,111692,".","12.00","14.00","3.00","5.05","26.0","0.15","1","2","7.00","16.00","1.05","0.94","0.94",".","."
"348",317,1,0,1,1,0,0,0,0,1,3,"0.00","8.00","2.00","4.25","13.0","0.17",0,"100.0",1,8,12,"1.22","0.93","0.96","3","1",1,1,111792,"1","4.00","0.00","3.00","5.05","8.0","0.13","0","1","8.00","10.50","1.26","1.05","1.05","2","1"
"349",318,2,0,1,1,0,0,0,0,1,3,"5.00","7.00","3.00","4.75","13.0","0.25",1,"36.0",2,11,12,"1.23","0.98","2.61","3","3",1,1,111292,".","7.00","6.00","4.00","5.05","13.0","0.50","1","1","10.50","11.50","1.11","0.95","2.59","3","3"
"350",319,2,0,1,1,0,0,0,0,1,2,"0.00","11.00","3.00","4.62","2.5","0.12",1,".",2,10.5,12.5,"1.06","0.85","3.95",".",".",1,1,111292,".","22.00","4.00","3.00","5.05","13.0","0.25","1","1","10.50","11.50","0.95","0.90","2.43","4","3"
"351",322,3,1,1,1,0,0,0,0,1,0,"8.00","13.00","4.00","4.75","13.0","0.15",0,"25.0",2,6,16,"1.06","1.06","1.02","6","2",1,1,111692,"1","12.00","5.00","4.00","5.05","13.0",".","0","2","7.00","15.00","0.96","1.01","0.94","6","3"
"352",325,3,1,1,1,0,0,0,0,1,0,"4.00","15.00","4.00","4.50","10.0","0.25",0,"50.0",2,6,15,"1.09","1.06","0.79","6","3",1,1,111692,".","1.00","15.00","3.00","5.05","26.0","0.10","0","2","7.00","15.00","1.02","1.01","1.01","6","3"
"353",333,1,0,1,0,1,0,0,0,0,0,"2.00","16.50","4.00","4.25","13.0","0.20",0,"100.0",2,7,15,"1.02","0.88","0.82","4",".",1,1,110992,".","3.00","20.00","3.00","5.05","13.0","0.18","0","2","7.00","15.00","1.04","0.87","0.87","3","3"
"354",336,1,0,1,1,0,0,0,0,0,2,"28.00","12.00","4.00","4.50","4.0","0.20",0,"80.0",2,7,15,"1.02","0.91","0.93","3","2",1,1,110992,".","10.00","20.00","5.00","5.05","6.0","0.20","0","2","6.00","16.00","0.95","1.05","0.94","3","3"
"355",337,1,1,1,1,0,0,0,0,0,0,"5.00","29.50","5.00","4.87",".","0.30",0,"90.0",3,7,17,"1.06","0.93","0.93","4","3",1,1,110992,".","25.00","5.00","3.00","5.05","26.0",".","0","2","7.00","17.00",".",".",".",".","."
"356",339,1,1,1,1,0,0,0,0,0,2,"18.00","6.00","2.00","4.25","26.0","0.37",0,"70.0",3,7,16,"1.06","0.85","0.95","3","3",1,1,111692,".","5.00","9.00","2.00","5.05","13.0","0.25","1","1","7.00","16.00","0.95","0.95","0.95","3","3"
"357",340,1,0,1,1,0,0,0,0,0,3,"6.00","30.00","3.00","4.25","26.0","0.10",0,"30.0",2,7.5,14.5,"0.96","0.95","0.85","5","4",1,1,111692,".","15.00","17.00","2.00","5.05","8.0","0.15","0","2","6.00","16.00","1.05","0.84","0.84","5","4"
"358",341,2,1,1,1,0,0,0,0,0,0,"2.00","7.00","2.00","4.62","4.0","0.25",0,"33.0",1,11,9.5,"0.95","0.74","2.34","3","3",1,1,111492,".","3.00","7.00","3.00","5.05",".",".","0","1","11.00","11.00","0.90","0.84","2.32","4","2"
"359",343,2,1,1,1,0,0,0,0,0,0,"10.00","6.00","2.00","4.75","26.0","0.25",0,"43.0",2,11,10.5,"0.95","0.74","2.34","4","3",1,1,111892,"4","4.00","11.00","2.00","5.05","6.0","0.15","0","2","11.00","12.00","0.95","0.85","2.32","4","3"
"360",346,2,1,1,1,0,0,0,0,0,0,"2.00","10.50","2.00","4.25","19.0","0.20",0,".",2,11,10,"0.95",".",".","4","3",1,1,111292,".","3.00","12.00","3.00",".",".",".","0","1","11.00","11.00","0.85",".",".",".","."
"361",348,3,1,1,0,1,0,0,0,0,0,"3.00","10.50","3.00","4.25","13.0","0.20",0,"75.0",2,10.5,10.5,"1.02","1.06","0.95","3","2",2,3,121892,"1","0.00","0.00","0.00",".",".",".",".",".",".",".",".",".",".",".","."
"362",350,3,1,1,1,0,0,0,0,0,0,"8.00","9.00","4.00","4.75","13.0","0.37",0,"60.0",2,6,16,"1.06","0.91","1.12","5",".",1,1,111892,"1","5.00","20.00","2.00","5.05","13.0","0.23","0","2","6.00","17.00","1.01","1.01","0.89","5","4"
"363",351,3,1,1,1,0,0,0,0,0,1,"2.00","27.50","3.00","4.25",".",".",0,".",2,6,16,"1.02","0.90","0.95","4","3",1,1,111792,"2","10.00","20.00","4.00","5.05","52.0","0.53","0","2","6.00","16.00","1.01","1.01","0.73","4","2"
"364",352,3,1,1,0,0,1,0,0,0,0,"0.00","19.00","4.00","4.75","8.0","0.25",0,"50.0",2,10,11.5,"1.12","0.91","0.99","2","2",2,5,122392,"9",".",".",".",".",".",".",".",".",".",".","0.95","0.95","0.89",".","."
"365",353,3,1,1,1,0,0,0,0,0,0,"7.50","22.50","3.00","4.37","13.0","0.22",0,"90.0",2,6,16,"1.07","0.85","0.95","5","3",2,1,121492,"4",".","31.00","4.00","5.05","28.0",".","0","2","6.00","16.00","1.01","1.01","0.89","3","3"
"366",355,4,0,1,0,1,0,0,0,0,0,"2.00","17.00","3.00","4.87","26.0","0.15",1,"100.0",1,10.5,11.5,"0.95","0.92","0.95","2","2",1,1,111392,".","3.00","17.00","2.00",".",".",".","0","1","10.50","11.50","1.00","0.85","0.89","2","2"
"367",359,1,1,1,1,0,0,0,0,0,1,"0.00","22.00","4.00","4.25","26.0","0.17",0,"100.0",2,7,15,"1.02","0.85","0.82","3","3",1,1,111692,".","0.00","26.00","4.00","5.05","26.0","0.25","0","2","7.00","16.00","1.05","0.87","0.82","3","2"
"368",360,1,0,1,1,0,0,0,0,0,0,"3.00","25.00","2.00","4.25","13.0","0.15",1,"100.0",2,7,15,"1.06","0.84","0.89","3","3",1,1,111692,".","5.00","32.00","7.00","5.05","4.0","0.25","0","2","7.00","16.00","1.05","0.87","0.82","3","3"
"369",361,1,0,1,1,0,0,0,0,0,0,"6.00","13.00","5.00","4.25","26.0","0.22",0,"100.0",2,7,16,"1.02","0.91","0.85","3","3",1,1,110792,".","4.00","23.00","6.00","5.05","26.0","0.18","0","2","7.00","16.00","0.90","0.93","0.92","3","2"
"370",362,2,0,1,1,0,0,0,0,0,0,"6.00","13.00",".","4.25","13.0","0.66",1,"100.0",2,10.5,12.5,"1.06","0.81","2.45","5","3",1,1,111292,".","24.00","4.00","4.00","5.05","13.0","0.18","0","1","10.50","12.50","1.05","0.84","2.43","5","3"
"371",363,2,0,1,1,0,0,0,0,0,2,"0.00","25.00","3.00","4.25","18.0","0.18",0,"75.0",2,10.5,12.5,"1.06","0.80","2.45","4","3",1,1,111292,".","14.00","7.00","2.00","5.20","4.0","0.13","0","2","10.50","12.50","1.01","0.80","2.43","4","4"
"372",364,2,0,1,1,0,0,0,0,0,3,"3.50","20.00","3.00","4.25","13.0","0.12",1,".",2,11,12,"0.95","0.85","2.45","4","4",1,1,111492,".","1.00","30.00","4.00","5.05","52.0","0.25","0","1","10.50","12.50","1.05","0.84","2.43","5","3"
"373",366,3,0,1,1,0,0,0,0,0,3,"2.00","17.00","3.00","4.50","13.0","0.25",0,"50.0",2,10.5,11.5,"1.02","0.91","0.63","5","4",1,1,111892,"1","1.00","19.00","4.00","5.05","13.0","0.25","0","2","10.50","11.50","1.01","0.90","0.63","4","3"
"374",368,4,0,1,1,0,0,0,0,0,1,"0.00","20.00","3.00","4.25","13.0","0.15",0,"20.0",3,10.5,12.5,"0.89","0.86","0.95","2","1",1,1,111392,".","0.00","25.00","2.00","5.05","19.0","0.15","0","1","10.50","11.50","1.00","0.85","0.95","2","2"
"375",369,1,1,1,0,0,1,0,0,0,1,"0.00","15.00","4.00","4.35","18.0","0.12",0,"87.0",2,7,15,"1.17","1.06","1.17","3","2",2,3,120992,".","0.00","0.00","0.00",".",".",".",".",".",".",".",".",".",".",".","."
"376",370,1,0,1,0,0,1,0,0,0,0,"20.00","11.50","3.30","4.85","18.0","0.25",0,"80.0",3,7,16,"1.06","0.95","0.95","3","2",1,1,110792,".","26.00","5.00","3.00","5.05",".","0.10","1","3","7.00","16.00",".",".",".","3","2"
"377",376,1,0,1,0,0,1,0,0,0,3,"4.00","10.00","4.00","4.50","13.0","0.10",0,".",2,8,14,"0.95","0.95","0.96","8","4",1,1,111792,"2","0.00","17.00","3.00","5.05","15.0","0.20","1","2","8.00","14.00","1.26","1.01","1.00","3","3"
"378",377,1,0,1,0,0,1,0,0,0,3,"12.00","6.00","3.00","4.25","26.0","0.15",1,"90.0",2,8,14,"1.06","0.95","0.95","3","2",1,1,110792,".","11.00","12.00","3.00","5.05","26.0","0.20","0","2","8.00","14.00","1.05","0.95","0.94","3","1"
"379",379,1,0,1,0,0,1,0,0,0,0,"20.00","12.00","4.00","4.62","26.0","0.17",0,"30.0",3,7,16,"1.06","1.06","0.95","3","2",1,1,111792,"1","28.00","6.00","3.00","5.05","52.0","0.15","1","1","7.00","16.00","1.06","1.06","1.06","3","2"
"380",380,1,0,1,0,0,1,0,0,0,0,"10.00","15.00","3.00","4.50","52.0","0.20",0,"50.0",3,7,16,"1.06","0.95","0.95","3","2",1,1,110792,".","15.00","14.00","3.00","5.05","26.0","0.13","0","1","7.00","16.00","1.05","0.94","0.94","3","2"
"381",383,1,0,1,0,0,1,0,0,0,3,"6.00","4.00","2.00","4.50","26.0","0.25",0,"30.0",1,7,16,"1.15","0.95","0.95","2","2",1,1,111892,"2","7.00","2.00","2.00","5.05","26.0","0.38","0","1","7.00","16.00","1.16","1.01","1.05","2","2"
"382",384,1,0,1,0,0,1,0,0,0,3,".",".","3.00","4.65","26.0","0.25",0,".",2,7,16,"1.06","0.95","0.95","3","2",1,1,110792,".","0.00","30.00","3.00","5.05","26.0","0.10","0","3","7.00","16.00","1.05","1.05","0.89","3","2"
"383",385,1,0,1,0,0,1,0,0,0,2,"16.00","14.00","3.00","4.25",".","0.15",1,"25.0",1,7,17,".",".",".","3","2",2,1,120992,"4","15.00","14.00","3.00","5.05","28.0","0.10","0","2","7.00","17.00","1.16","1.22","0.41","3","3"
"384",386,1,0,1,0,0,1,0,0,0,0,"0.00","19.00","3.00","4.25","39.0","0.25",0,".",1,7,17,"1.06","0.95","0.95","3","2",1,1,111692,".","14.00","10.00","4.00","5.05","26.0","0.25","0","1","7.00","17.00","1.05","0.95","0.95","4","2"
"385",391,2,0,1,0,0,1,0,0,0,3,"15.00","5.00","2.00","4.25","6.0","0.12",0,"12.0",2,11,10,"1.06","1.06","2.66","3","3",1,1,111492,"2","12.00","7.00","2.00","5.05",".",".","0","2","11.00","10.00","1.05","1.05","2.64","4","3"
"386",393,2,1,1,0,0,1,0,0,0,4,"4.00","10.00","3.00","4.62","2.0","0.25",0,"100.0",2,11,11,"1.17","1.27","2.77","3","2",1,1,111792,"3","18.00","4.00","3.00","5.25","13.0","0.25","1","1","11.00","11.00","1.16","1.26","2.75","3","2"
"387",396,3,1,1,0,0,1,0,0,0,1,"24.00","16.00","4.00","4.87","9.0","0.37",0,"10.0",2,6,17,"1.27","1.07","2.13","5","3",1,1,111192,".","8.00","30.00","3.00","5.40","26.0","0.10","0","2","7.00","16.00","1.11","1.05","1.05","5","3"
"388",397,3,1,1,0,0,1,0,0,0,2,"4.00","28.00","3.00","4.25","52.0","0.62",0,"85.0",2,6,17,"1.12","1.02","1.06","4","3",2,1,122892,"9","6.00","15.00","3.00","5.05","52.0","0.24","0","2","6.00","17.00","1.17","1.06","2.11","4","3"
"389",398,3,1,1,0,0,1,0,0,0,1,"14.00","13.00","4.00","4.75","13.0","0.15",0,"25.0",2,6,17,"1.12","1.06","1.06","5","4",2,1,121092,"2","25.00","15.00","3.00","5.05","28.0",".","0","2","6.00","17.00","1.11","1.06","1.05","5","3"
"390",399,3,1,1,0,0,1,0,0,0,0,"13.00","8.00","3.00","4.87","18.0","0.30",1,".",2,6,17,"1.27","1.04","1.12","7","3",1,1,111192,".","18.00","18.00","4.00","5.05","26.0","0.23","0","2","7.00","16.00","1.26","1.08","1.05","7","4"
"391",400,3,1,1,0,0,1,0,0,0,0,"16.00","15.00","3.00","4.50","39.0","0.50",0,"50.0",3,6,17,"1.20","1.06","1.06","5","5",1,1,111192,".","8.00","24.00","3.00","5.05","41.0","0.15","0","2","7.00","16.00","1.17","1.01","1.05","5","3"
"392",401,3,0,1,0,0,1,0,0,0,0,"8.00","6.00","4.00","4.25","13.0","0.17",1,"18.0",2,7,16,"1.12","1.02","1.02","6","4",1,1,111792,"2","5.00","27.00","4.00","5.05","26.0","0.15","0","2","6.00","16.00","1.12","1.05","1.05","6","4"
"393",402,3,1,1,0,0,1,0,0,0,2,"11.00","10.00","3.00","4.75","26.0","0.25",0,"20.0",2,6,16,"1.12","1.02","1.06","4","2",1,1,111692,".","17.00","5.00","2.00","5.05","26.0","0.13","0","2","7.00","15.00","1.11","1.05","1.05","4","1"
"394",405,3,1,1,0,0,1,0,0,0,3,"6.00","17.00","3.00","4.32","26.0","0.12",0,"57.0",2,6,17,"1.12","1.02","1.06","7","4",1,1,111692,".","1.50","15.00","3.00","5.05","26.0","0.15","0","2","7.00","16.00","1.12","1.01","1.05","6","3"
"395",410,1,0,1,0,0,1,0,0,0,0,"0.00","35.00","3.00","4.25","26.0","0.10",0,".",3,7,16,"1.04","1.12","1.02","4","3",1,1,111692,".","0.00","35.00","3.00","5.05","26.0","0.10","1","2","7.00","16.00","1.19","0.98","1.01","4","3"
"396",411,1,0,1,0,0,1,0,0,0,1,"0.00","36.00","3.00","4.50","26.0","0.10",0,"100.0",2,7,16,"1.16","1.02","1.09","5","4",1,1,111692,".","4.00","36.00","3.00","5.05","4.0","0.13","1","2","7.00","16.00","1.15","1.01","1.01","5","4"
"397",412,2,0,1,0,1,0,0,0,0,0,"0.00","17.00","2.00","4.50",".","0.37",0,"18.0",1,11,11,"1.06","1.02","2.34","5","2",1,1,111292,".","0.00","13.00","2.00","5.05",".",".","0","1","11.00","11.00","1.15","1.05","2.64","5","3"
"398",413,1,0,1,0,0,1,0,0,0,0,"0.00","36.00","5.00","4.25","9.0","0.50",0,"100.0",1,6,17,"1.12","1.02","1.06","4","3",1,1,110792,".","0.00","20.00","3.00","5.05","26.0","0.13","1","1","7.00","17.00","1.11","1.01","1.05","4","2"
"399",414,1,0,1,0,0,1,0,0,0,0,"0.00","36.00","5.00","4.25","26.0",".",0,"45.0",1,7,16,"1.06","0.95","1.11","4","2",1,1,111692,".","13.00","9.00","4.00","5.05","26.0","0.38","1","3","7.00","16.00","1.15","0.95","1.13","4","3"
"400",415,1,0,1,0,0,1,0,0,0,0,"8.00","32.00","5.00","4.25","9.0",".",1,"65.0",2,7,16,"1.06","0.91","0.98","5","3",1,1,110792,".","0.00","38.00","4.00","5.05","52.0",".","0","2","7.00","16.00","1.05","0.90","1.04","4","2"
"401",417,1,1,1,0,0,1,0,0,0,0,"4.00","28.00","3.00","4.25","13.0","0.20",1,"90.0",2,7,16,"1.05","0.94","1.07","4","4",1,1,110992,".","13.00","17.00","4.00","5.05","26.0","0.15","1","3","7.00","16.00","1.11","1.09","1.00","3","2"
"402",418,1,0,1,0,0,1,0,0,0,2,"30.00","15.00","4.00","4.25","26.0","0.10",1,"10.0",2,8,15,"1.02","1.01","0.52","4","3",1,1,110992,".","0.00","35.00","4.00","5.05","26.0","0.15","0","2","7.00","16.00","1.03","0.90","0.59","3","3"
"403",419,2,1,1,0,0,1,0,0,0,4,"3.00","10.00","4.00","4.25",".","0.50",0,"15.0",2,11,11,"1.06","0.85","2.34","4","4",2,1,121592,"4","5.00","5.00","2.00","5.05",".",".","0","1","11.00","11.00","1.05","0.84","2.53","4","3"
"404",421,2,1,1,0,0,1,0,0,0,3,"20.00","10.00","8.00","4.62","4.0","0.37",0,"10.0",2,10.5,13,"1.06","0.85","2.34","4","2",1,1,111792,"3","25.00","7.00","8.00","5.05","4.0","1.00","0","2","10.50","13.00","1.05","0.84","2.32","4","2"
"405",422,2,0,1,0,0,1,0,0,0,2,"0.00","7.00","3.00","4.75",".","0.25",0,".",2,10,11,"1.06","0.85","2.34","4","2",1,1,111492,"2","5.00","10.00","6.00","5.05",".",".","0","1","11.00","11.00","1.01","0.84","2.32","4","4"
"406",423,2,1,1,0,0,1,0,0,0,3,"2.00","10.00","2.00","4.95","13.0","0.50",1,"33.0",1,11,12,"1.06","0.85","2.34","3","2",1,1,111492,"1","19.00","3.50","3.00","5.25","13.0","0.50","0","1","11.00","11.00","1.05","0.84","2.32","3","2"
"407",424,2,1,1,0,0,1,0,0,0,0,"3.50","6.50","3.00","4.75","13.0","0.25",0,"45.0",1,11,11,"1.06","0.85","2.34","5","3",1,1,111792,"1","12.00","3.00","4.00","5.25","19.0","0.50","0","1","11.00","14.00","1.05","0.94","2.32","5","3"
"408",426,3,1,1,0,0,1,0,0,0,0,"3.00","33.00","5.00","4.25","26.0","0.15",0,"75.0",2,5,19,"1.18","1.02","1.06","5","3",1,1,111192,".","5.00","25.00","3.00","5.05","19.0","0.25","1","2","6.00","18.00","1.11","1.05","1.05","6","5"
"409",427,4,0,1,0,0,1,0,0,0,3,"7.00","8.00","3.00","4.75","13.0","0.10",0,"40.0",2,10.5,12.5,"1.06","0.98","2.03","2","2",2,1,121792,"4","0.00","35.00","3.00","5.05",".",".","1","2","10.50","12.50","1.11","1.09","2.07","2","2"
"410",428,4,0,1,0,0,1,0,0,0,2,"0.00","33.00","3.00","4.62","13.0","0.12",0,"100.0",2,10.5,12.5,"1.06","0.98","1.06","2","2",1,1,111392,".","10.00","24.00","3.00","5.14","13.0","0.10","0","2","10.50","12.50","1.05","0.89","2.11","2","2"
